cod_orgao_julg;Atuacao_Vara
11674;Cível
14075;Criminal
16317;Geral
16426;Criminal
17049;Geral
17050;Geral
17051;Cível
17052;Execução Fiscal
17053;Juizados Cíveis
17054;Geral
33547;Geral
33548;Criminal
33549;Cível
33550;Cível
33563;Geral
33567;Cível
33572;Cível
3588;Criminal
3591;Criminal
3604;Cível
3605;Criminal
3608;Cível
3609;Criminal
3612;Cível
3613;Cível
3614;Criminal
3615;Criminal
3616;Fazenda
3621;Cível
3622;Cível
3623;Cível
3624;Cível
3625;Criminal
3626;Criminal
3627;Criminal
3628;Criminal
3629;Criminal
3632;Fazenda
3633;Fazenda
3636;Geral
3638;Criminal
3639;Cível
3641;Cível
3642;Cível
3644;Criminal
3645;Criminal
6379;Criminal
74296;Criminal
74300;Criminal
74302;Geral
79521;Criminal
8148;Geral
8149;Geral
8150;Geral
8151;Geral
8152;Geral
8153;Cível
8154;Criminal
8155;Cível
8156;Criminal
81694;Criminal
5756;Geral
5789;Geral
5794;Geral
5862;Geral
5872;Geral
5904;Geral
5907;Geral
6201;Criminal
6203;Geral
6246;Geral
6330;Cível
6360;Criminal
6368;Criminal
6504;Geral
6538;Geral
6550;Geral
6572;Geral
6592;Geral
6696;Cível
6704;Cível
6707;Cível
6710;Cível
8180;Criminal
8191;Criminal
11677;Juizados Cíveis
11738;Cível
13092;Cível
13094;Geral
4780;Cível
4781;Cível
4782;Cível
4783;Cível
4784;Cível
4785;Cível
4786;Cível
4787;Cível
4788;Cível
4789;Cível
4790;Cível
4791;Cível
4792;Cível
4793;Cível
4794;Cível
4795;Cível
4796;Cível
4797;Cível
4798;Cível
4799;Cível
4801;Criminal
4841;Execução Fiscal
4902;Juizados Cíveis
4903;Juizados Cíveis
4905;Juizados Cíveis
4906;Cível
4907;Cível
4908;Cível
4910;Juizados Cíveis
4913;Juizados Cíveis
4922;Criminal
5050;Geral
5052;Geral
5058;Geral
5059;Geral
5060;Cível
5063;Cível
5066;Geral
5067;Cível
5068;Geral
5070;Geral
5071;Geral
5073;Geral
5075;Geral
5076;Geral
5079;Geral
5081;Geral
5084;Criminal
5086;Geral
5087;Geral
5090;Criminal
5091;Geral
5093;Geral
5094;Geral
5095;Geral
5097;Criminal
5098;Geral
5099;Geral
5100;Geral
5102;Criminal
5104;Geral
5106;Geral
5109;Geral
5112;Geral
5115;Geral
5118;Geral
74447;Geral
75553;Fazenda
76533;Criminal
11714;Fazenda
13396;Criminal
13605;Criminal
13697;Criminal
13703;Geral
13716;Cível
13718;Cível
13720;Criminal
13721;Criminal
16037;Criminal
16268;Cível
16272;Cível
16273;Cível
16275;Fazenda
16276;Cível
16409;Geral
16482;Geral
43865;Cível
43866;Geral
43924;Criminal
43929;Cível
43931;Trabalho
6147;Geral
6151;Geral
6155;Geral
6157;Geral
6160;Geral
6162;Fazenda
6164;Fazenda
6165;Cível
6166;Fazenda
6167;Fazenda
6171;Criminal
6172;Criminal
6398;Criminal
6399;Criminal
6401;Cível
6402;Cível
6404;Geral
6406;Criminal
6407;Geral
6409;Cível
6410;Cível
6411;Criminal
6412;Criminal
6414;Cível
6416;Geral
6417;Geral
75533;Criminal
78603;Geral
78853;Juizados Cíveis
11872;Fazenda
15651;Geral
16392;Criminal
17070;Execução Fiscal
17072;Cível
17073;Cível
17078;Geral
17082;Geral
17090;Cível
17091;Cível
17092;Cível
17094;Cível
17096;Cível
17098;Fazenda
17100;Juizados Cíveis
17102;Cível
17122;Juizados Cíveis
17125;Juizados Cíveis
17126;Cível
17129;Cível
17130;Cível
17131;Cível
17152;Cível
17160;Cível
17162;Cível
17163;Cível
17165;Cível
17166;Cível
17167;Cível
17168;Cível
17169;Cível
17170;Cível
17171;Cível
17172;Cível
17173;Cível
17174;Criminal
17175;Cível
17176;Cível
17177;Cível
17178;Cível
17179;Cível
17180;Cível
17181;Cível
17183;Cível
17184;Cível
17185;Cível
17188;Cível
17189;Cível
17190;Cível
17192;Cível
17193;Cível
17194;Cível
17195;Cível
17201;Execução Fiscal
17214;Criminal
17216;Cível
17218;Cível
17219;Cível
17866;Criminal
17867;Juizados Cíveis
17872;Juizados Cíveis
17873;Cível
18291;Geral
18544;Cível
18553;Juizados Cíveis
18556;Cível
3887;Geral
3909;Geral
3913;Geral
3939;Geral
3953;Geral
4086;Geral
4087;Execução Fiscal
4093;Geral
4108;Execução Fiscal
4115;Geral
4119;Execução Fiscal
4132;Cível
4139;Cível
4145;Fazenda
4158;Geral
4166;Fazenda
4174;Execução Fiscal
4178;Execução Fiscal
4386;Criminal
4388;Criminal
4390;Criminal
4418;Criminal
4436;Execução Fiscal
4462;Criminal
4514;Geral
4515;Geral
4518;Geral
4526;Cível
4527;Cível
4528;Cível
4529;Fazenda
4548;Geral
4552;Geral
4564;Cível
4568;Cível
4575;Geral
4584;Geral
4592;Geral
4597;Geral
4635;Juizados Cíveis
4642;Geral
4662;Geral
4678;Geral
4700;Geral
4728;Geral
4750;Geral
4859;Geral
4870;Geral
4871;Geral
4872;Geral
4876;Geral
4877;Geral
4880;Geral
4881;Cível
4882;Execução Fiscal
4892;Cível
4894;Execução Fiscal
4909;Geral
4916;Geral
4927;Geral
49566;Fazenda
49597;Geral
49614;Geral
49623;Cível
49645;Geral
49664;Geral
49691;Cível
49696;Execução Fiscal
49699;Execução Fiscal
49700;Cível
49701;Cível
49703;Cível
49709;Criminal
49737;Execução Fiscal
49754;Fazenda
49816;Cível
49853;Geral
49858;Geral
49901;Criminal
49920;Execução Fiscal
49935;Fazenda
49954;Cível
49956;Juizados Cíveis
49958;Criminal
49959;Cível
49960;Juizados Cíveis
49962;Cível
49964;Cível
49965;Cível
49969;Cível
49971;Criminal
49972;Criminal
49973;Cível
49974;Cível
49982;Cível
49984;Criminal
49985;Criminal
49986;Cível
50007;Geral
50017;Geral
5002;Geral
5003;Geral
5005;Geral
5006;Geral
5007;Geral
50076;Execução Fiscal
5008;Geral
50093;Criminal
5010;Geral
5012;Geral
5016;Geral
5121;Geral
5123;Geral
5136;Fazenda
5138;Geral
5140;Geral
5144;Geral
5147;Criminal
5151;Geral
5152;Geral
5167;Geral
5172;Cível
5176;Cível
5180;Geral
5183;Geral
5199;Geral
5200;Juizados Cíveis
5205;Geral
5210;Criminal
5211;Geral
5214;Geral
5216;Cível
5229;Geral
5232;Geral
5234;Cível
5235;Criminal
5237;Fazenda
5239;Geral
5240;Criminal
5244;Geral
5248;Execução Fiscal
5252;Geral
5257;Execução Fiscal
5267;Geral
5272;Cível
5274;Geral
5275;Criminal
5286;Geral
5290;Geral
5296;Geral
5298;Geral
5300;Geral
5316;Geral
5320;Geral
5329;Geral
5403;Geral
5443;Geral
5460;Geral
5474;Geral
5524;Geral
5712;Criminal
6018;Execução Fiscal
6075;Cível
6095;Geral
6101;Geral
6106;Criminal
6115;Juizados Cíveis
6123;Juizados Cíveis
6192;Geral
6205;Geral
6321;Geral
6324;Geral
6326;Geral
6352;Geral
6420;Juizados Cíveis
6433;Cível
6445;Geral
6450;Geral
6451;Cível
6459;Geral
6461;Geral
6463;Cível
6486;Cível
6487;Geral
6489;Criminal
6510;Geral
6516;Geral
6520;Geral
6522;Juizados Cíveis
6523;Geral
6532;Geral
6923;Geral
70846;Cível
72321;Criminal
72842;Juizados Cíveis
72843;Juizados Cíveis
72844;Juizados Cíveis
72845;Juizados Cíveis
72846;Juizados Cíveis
72847;Juizados Cíveis
72849;Juizados Cíveis
72850;Juizados Cíveis
77259;Fazenda
78094;Juizados Cíveis
7835;Cível
7836;Cível
7839;Juizados Cíveis
7841;Juizados Cíveis
7843;Cível
7849;Cível
7851;Cível
7853;Cível
7855;Cível
7858;Juizados Cíveis
7862;Juizados Cíveis
7865;Juizados Cíveis
7919;Geral
7922;Geral
7925;Criminal
79440;Execução Fiscal
79788;Geral
79822;Geral
79976;Criminal
80387;Juizados Cíveis
8225;Cível
8226;Cível
8227;Juizados Cíveis
8228;Juizados Cíveis
8229;Criminal
11008;Cível
12916;Cível
13402;Cível
13977;Cível
14169;Cível
14170;Geral
14320;Cível
14329;Criminal
14332;Criminal
16251;Geral
16252;Geral
16505;Criminal
16594;Geral
16598;Criminal
16957;Cível
17232;Execução Fiscal
17233;Juizados Cíveis
50865;Cível
50867;Cível
50868;Cível
50921;Criminal
50922;Criminal
50925;Cível
72208;Cível
78390;Geral
78398;Cível
78403;Geral
79734;Cível
79735;Cível
79736;Cível
79737;Cível
79738;Cível
79739;Cível
79740;Cível
79742;Cível
79743;Cível
79744;Cível
79745;Cível
79746;Cível
79747;Cível
79748;Cível
79749;Cível
79750;Cível
79751;Cível
79752;Cível
79753;Cível
79761;Cível
79762;Cível
81560;Criminal
81593;Cível
81594;Cível
81595;Cível
81596;Cível
81597;Cível
81598;Cível
81599;Cível
8381;Geral
8389;Geral
8392;Geral
8395;Geral
8407;Geral
8409;Geral
8412;Cível
8415;Geral
8416;Juizados Cíveis
8422;Geral
8426;Geral
8442;Geral
8443;Cível
8451;Cível
8487;Cível
8491;Juizados Cíveis
8499;Cível
8530;Geral
8533;Geral
8537;Geral
8549;Cível
8550;Cível
8553;Geral
8562;Cível
8566;Cível
8568;Geral
8596;Juizados Cíveis
8601;Geral
8608;Cível
8626;Cível
8644;Execução Fiscal
8648;Execução Fiscal
8652;Execução Fiscal
8657;Execução Fiscal
8661;Execução Fiscal
8671;Geral
8676;Geral
8689;Geral
8694;Geral
8714;Cível
8716;Geral
8732;Geral
8735;Cível
8738;Geral
8745;Cível
8746;Geral
8747;Geral
8838;Cível
12139;Criminal
12923;Criminal
13122;Criminal
13596;Cível
13597;Execução Fiscal
14144;Cível
14145;Cível
14146;Cível
14147;Cível
14148;Cível
14328;Cível
16468;Cível
16814;Criminal
16815;Criminal
16816;Cível
16817;Cível
16818;Cível
16819;Cível
16837;Criminal
16914;Cível
17837;Cível
39;Criminal
43067;Criminal
43142;Cível
43157;Cível
43158;Cível
43159;Cível
43160;Cível
52;Geral
53;Geral
56;Juizados Cíveis
60795;Cível
6549;Cível
6551;Cível
6553;Cível
6558;Cível
6560;Cível
6563;Cível
6564;Cível
6566;Cível
6567;Cível
6571;Cível
6574;Cível
6576;Cível
6579;Cível
6584;Cível
6586;Cível
6590;Cível
6594;Cível
6597;Cível
6600;Cível
6604;Cível
6617;Criminal
6623;Criminal
6625;Criminal
6630;Criminal
6634;Criminal
6635;Geral
6637;Criminal
6639;Geral
6641;Criminal
6643;Criminal
6644;Criminal
6655;Cível
6658;Cível
6660;Criminal
6663;Cível
6672;Cível
6674;Cível
6675;Criminal
6681;Cível
6715;Criminal
6739;Cível
6745;Criminal
6752;Cível
6755;Cível
6756;Cível
6760;Cível
6764;Geral
6767;Cível
6768;Geral
6771;Cível
6772;Cível
6775;Cível
6777;Cível
6778;Cível
67791;Criminal
67794;Cível
6780;Criminal
6782;Criminal
6784;Criminal
67852;Criminal
67853;Cível
67854;Cível
6786;Criminal
6791;Geral
72831;Cível
72832;Cível
76528;Cível
81325;Cível
81390;Cível
81391;Cível
81392;Cível
81638;Fazenda
1045;Geral
1046;Criminal
105;Geral
1161;Cível
1204;Geral
1205;Geral
1206;Juizados Cíveis
1212;Geral
1238;Geral
1242;Execução Fiscal
1244;Geral
1246;Criminal
1248;Geral
1290;Geral
1573;Geral
1609;Juizados Cíveis
1614;Geral
1633;Geral
1641;Geral
1667;Geral
1683;Geral
1690;Geral
1706;Geral
1721;Juizados Cíveis
1733;Geral
1744;Geral
1764;Geral
1798;Geral
1818;Execução Fiscal
1821;Geral
1824;Geral
1882;Criminal
1909;Geral
197;Geral
1977;Geral
1978;Juizados Cíveis
198;Criminal
1982;Geral
2041;Geral
2121;Geral
2135;Geral
2143;Geral
2150;Geral
2153;Geral
2155;Geral
2156;Geral
2158;Geral
2166;Cível
2167;Geral
2168;Geral
2169;Geral
2170;Geral
2326;Cível
2334;Juizados Cíveis
2363;Geral
2474;Cível
2480;Geral
2494;Geral
2495;Cível
2505;Geral
2534;Geral
2535;Criminal
2537;Juizados Cíveis
299;Geral
358;Cível
453;Cível
513;Geral
605;Criminal
689;Geral
715;Geral
78;Criminal
847;Criminal
993;Cível
11381;Cível
11382;Cível
11384;Geral
11385;Cível
11386;Execução Fiscal
11397;Cível
11401;Cível
11403;Cível
11407;Cível
11409;Criminal
11410;Criminal
11413;Cível
11414;Cível
11415;Cível
11423;Criminal
11424;Cível
11427;Criminal
11428;Cível
11437;Cível
11438;Cível
11439;Cível
11440;Cível
11442;Cível
11447;Cível
11448;Cível
11449;Cível
11452;Criminal
11453;Criminal
11455;Criminal
11456;Criminal
11462;Cível
11468;Criminal
11472;Cível
11473;Cível
11474;Cível
11475;Cível
11481;Cível
11482;Cível
11483;Cível
11485;Cível
11486;Criminal
11488;Execução Fiscal
11490;Execução Fiscal
11507;Cível
11518;Cível
11519;Criminal
11520;Criminal
11521;Geral
11524;Criminal
11530;Execução Fiscal
11532;Geral
11537;Cível
11538;Criminal
11539;Cível
11544;Criminal
11546;Geral
11551;Geral
11554;Geral
11576;Cível
11580;Criminal
11591;Cível
11593;Geral
11602;Geral
11615;Geral
11620;Geral
11622;Criminal
11629;Geral
11632;Geral
12571;Execução Fiscal
12715;Geral
13173;Geral
13226;Juizados Cíveis
13304;Fazenda
13307;Cível
13308;Cível
13364;Fazenda
13370;Criminal
13373;Execução Fiscal
13555;Criminal
13578;Cível
13580;Geral
13581;Criminal
13585;Criminal
13602;Criminal
13690;Criminal
13693;Criminal
13704;Criminal
13746;Criminal
13838;Cível
13839;Cível
13840;Cível
14596;Criminal
14602;Criminal
16429;Cível
16431;Cível
16432;Fazenda
16435;Criminal
52651;Criminal
52654;Fazenda
78732;Cível
78733;Cível
78734;Cível
78737;Cível
78739;Cível
78742;Cível
78743;Cível
78745;Cível
78747;Cível
78748;Cível
78751;Criminal
78893;Criminal
79331;Criminal
79337;Criminal
79344;Cível
79346;Cível
79351;Criminal
79353;Criminal
79355;Criminal
79783;Criminal
81441;Criminal
81445;Fazenda
81447;Criminal
81449;Criminal
81457;Criminal
81461;Criminal
81463;Fazenda
81465;Fazenda
11158;Geral
14070;Geral
14072;Criminal
19939;Cível
19942;Cível
19943;Cível
19944;Cível
19945;Cível
19946;Cível
19947;Criminal
19948;Criminal
19949;Criminal
2852;Cível
2868;Cível
2869;Criminal
2872;Geral
2877;Criminal
2879;Geral
2881;Geral
2884;Geral
3199;Geral
3202;Geral
3206;Geral
3208;Geral
3212;Geral
3214;Geral
3218;Trabalho
77702;Cível
10792;Geral
10793;Cível
10798;Cível
10990;Cível
11048;Cível
11053;Cível
11059;Criminal
11135;Cível
11145;Execução Fiscal
11156;Criminal
11224;Criminal
11228;Cível
11314;Criminal
11325;Cível
11356;Cível
11364;Cível
11651;Execução Fiscal
11652;Cível
11659;Criminal
11699;Cível
11709;Cível
11849;Geral
12569;Criminal
12699;Cível
12702;Cível
12704;Cível
12763;Criminal
12921;Criminal
13011;Geral
13099;Criminal
13100;Criminal
13193;Execução Fiscal
13351;Criminal
13354;Execução Fiscal
13375;Cível
13573;Criminal
14138;Criminal
15644;Fazenda
15648;Criminal
16546;Criminal
17283;Juizados Cíveis
17284;Juizados Cíveis
17289;Juizados Cíveis
17292;Juizados Cíveis
17293;Juizados Cíveis
17294;Juizados Cíveis
17296;Cível
17297;Cível
17309;Cível
17310;Cível
17955;Cível
17957;Criminal
3080;Cível
3115;Geral
3186;Cível
3262;Geral
3297;Geral
3335;Criminal
34853;Cível
3668;Geral
3676;Geral
3682;Geral
3688;Geral
3694;Geral
3701;Geral
3710;Geral
3744;Geral
3750;Criminal
3753;Cível
3756;Geral
3761;Geral
3764;Geral
3765;Geral
3767;Geral
3772;Geral
3775;Geral
3778;Geral
3782;Geral
3784;Geral
3786;Geral
3792;Geral
3796;Geral
3799;Cível
3804;Criminal
3808;Geral
3809;Geral
3813;Cível
3816;Geral
3828;Cível
3830;Geral
3833;Cível
3836;Criminal
3838;Cível
3840;Geral
3842;Geral
3847;Geral
3851;Geral
3852;Cível
3859;Cível
3862;Cível
3865;Geral
3868;Cível
3879;Cível
3883;Geral
3885;Cível
3889;Criminal
3894;Geral
3895;Criminal
3896;Cível
3897;Geral
3903;Cível
3910;Geral
3916;Geral
3917;Cível
3919;Criminal
3920;Geral
3922;Cível
3924;Geral
3926;Criminal
3929;Cível
3933;Cível
3936;Criminal
3938;Criminal
3943;Cível
3944;Geral
3946;Cível
3962;Geral
3976;Geral
3977;Geral
3986;Geral
3990;Criminal
3991;Cível
39914;Cível
3993;Geral
39982;Cível
39984;Execução Fiscal
39985;Execução Fiscal
4001;Cível
40011;Cível
40024;Cível
40063;Cível
4009;Cível
40102;Cível
4012;Cível
40132;Juizados Cíveis
4017;Criminal
4018;Geral
4022;Geral
4025;Cível
4026;Cível
4029;Cível
4030;Cível
40302;Cível
40326;Cível
4034;Fazenda
40343;Cível
4041;Cível
4042;Criminal
4044;Cível
4046;Cível
4050;Criminal
4055;Criminal
4056;Geral
4062;Cível
4064;Geral
4065;Cível
4071;Cível
4073;Geral
4076;Criminal
4078;Cível
4080;Cível
4083;Geral
4089;Cível
4097;Cível
4102;Geral
4103;Cível
4109;Geral
4110;Cível
4120;Criminal
4125;Geral
4126;Geral
4136;Cível
4150;Criminal
4156;Criminal
4160;Criminal
4164;Criminal
4167;Criminal
4184;Criminal
4187;Criminal
4193;Criminal
4222;Criminal
4223;Cível
4224;Criminal
4228;Criminal
4229;Cível
4234;Criminal
4241;Criminal
4244;Geral
4250;Criminal
4256;Geral
4257;Criminal
4269;Criminal
4272;Cível
4273;Cível
4276;Cível
4278;Criminal
4285;Cível
4292;Cível
4295;Geral
4297;Cível
4303;Cível
4307;Geral
4308;Criminal
4319;Criminal
4320;Criminal
4324;Criminal
4329;Cível
4332;Cível
4333;Cível
4334;Cível
4338;Geral
4342;Cível
4347;Cível
4358;Cível
4359;Criminal
4361;Geral
4363;Criminal
4364;Cível
4366;Criminal
4376;Geral
4378;Geral
4379;Execução Fiscal
4382;Geral
4384;Cível
4392;Geral
4395;Geral
4403;Cível
4409;Geral
4411;Execução Fiscal
4422;Geral
5224;Cível
5236;Criminal
5243;Criminal
5251;Criminal
5263;Cível
5266;Cível
5282;Criminal
5293;Cível
5294;Cível
5301;Geral
5317;Geral
5323;Geral
5325;Criminal
5330;Criminal
5335;Criminal
5338;Criminal
5339;Criminal
5343;Geral
5350;Criminal
5353;Criminal
5360;Geral
5363;Cível
5378;Cível
5385;Cível
5386;Cível
5388;Cível
5414;Cível
5416;Fazenda
5422;Cível
5441;Execução Fiscal
5442;Criminal
5457;Execução Fiscal
5459;Cível
5511;Cível
5513;Geral
5528;Cível
5535;Cível
5564;Cível
5601;Cível
5612;Geral
5620;Cível
5626;Cível
5632;Geral
5638;Geral
5678;Geral
5691;Geral
5695;Cível
5706;Criminal
5727;Cível
5734;Cível
5736;Cível
5740;Criminal
5741;Cível
5745;Geral
5746;Cível
5766;Geral
5780;Geral
5790;Criminal
5797;Geral
5799;Fazenda
5809;Criminal
5817;Cível
5833;Criminal
5870;Cível
6012;Cível
6032;Cível
6035;Geral
6049;Cível
6058;Cível
6064;Cível
6068;Cível
6125;Execução Fiscal
6138;Cível
6188;Cível
6227;Cível
6241;Cível
6269;Cível
6320;Cível
6437;Cível
6441;Cível
6452;Execução Fiscal
78364;Fazenda
78365;Fazenda
78831;Criminal
79467;Fazenda
80252;Criminal
80300;Criminal
80301;Criminal
81130;Cível
81131;Cível
81132;Criminal
81133;Criminal
81339;Cível
81366;Criminal
8160;Cível
8162;Cível
8166;Cível
8167;Cível
8168;Criminal
8170;Criminal
8171;Cível
8175;Criminal
9088;Execução Fiscal
9174;Cível
9238;Cível
14141;Militar
14142;Militar
14143;Militar
81647;Militar
17970;Cível
29005;Cível
29007;Militar
29008;Militar
29009;Militar
29011;Militar
29012;Militar
32091;Militar
11234;Cível
11740;Execução Fiscal
16501;Criminal
18001;Cível
18344;Trabalho
18345;Trabalho
18392;Execução Fiscal
48402;Criminal
48415;Criminal
48435;Geral
48493;Geral
48509;Cível
48523;Geral
48614;Geral
48616;Criminal
48622;Criminal
48624;Criminal
48625;Cível
48626;Criminal
48631;Criminal
48637;Criminal
48638;Criminal
48640;Criminal
48643;Cível
48732;Cível
48735;Cível
51792;Cível
51807;Cível
51808;Cível
51809;Cível
51810;Cível
6286;Cível
6295;Cível
6298;Trabalho
6304;Cível
6315;Cível
6316;Cível
6317;Cível
6319;Cível
6322;Cível
6325;Cível
6341;Cível
6342;Cível
6343;Cível
6344;Cível
6346;Cível
6356;Geral
6371;Criminal
6373;Criminal
6374;Criminal
6377;Cível
6381;Criminal
6382;Criminal
6383;Criminal
6385;Criminal
6387;Criminal
6390;Cível
6493;Cível
6495;Cível
6496;Cível
6498;Cível
6500;Cível
6501;Cível
6502;Cível
6505;Cível
6536;Execução Fiscal
6540;Execução Fiscal
6542;Criminal
6543;Criminal
6557;Trabalho
6565;Cível
6610;Cível
6611;Fazenda
6616;Fazenda
6636;Criminal
6647;Cível
6678;Cível
6687;Cível
6698;Criminal
6713;Cível
6718;Cível
6723;Cível
6737;Criminal
6799;Trabalho
6801;Cível
6802;Cível
7236;Cível
7245;Cível
7290;Cível
7298;Trabalho
7303;Execução Fiscal
7311;Cível
7322;Cível
7327;Cível
7328;Cível
7330;Cível
7334;Execução Fiscal
7338;Cível
7341;Criminal
7359;Cível
7368;Cível
7372;Cível
7381;Cível
7386;Criminal
7390;Cível
7400;Cível
7433;Cível
7487;Cível
7496;Cível
7516;Criminal
7521;Criminal
7556;Cível
75571;Criminal
75572;Criminal
7565;Trabalho
7591;Criminal
7601;Criminal
7617;Cível
7627;Cível
7651;Criminal
7664;Criminal
7680;Criminal
7686;Criminal
7737;Cível
7741;Cível
7753;Trabalho
7754;Criminal
7759;Cível
7761;Cível
7765;Cível
7767;Criminal
7770;Criminal
7775;Trabalho
7776;Cível
7777;Criminal
7778;Cível
7779;Cível
7780;Cível
7781;Cível
77959;Criminal
77960;Cível
8027;Criminal
8030;Criminal
8036;Execução Fiscal
8041;Criminal
8043;Criminal
8059;Trabalho
8065;Trabalho
8070;Trabalho
8074;Cível
8075;Cível
8077;Criminal
8080;Criminal
8082;Trabalho
8084;Criminal
8088;Criminal
8094;Geral
8095;Geral
8096;Geral
8097;Geral
8098;Geral
8099;Geral
8100;Geral
8101;Geral
81012;Cível
8102;Geral
8103;Geral
8104;Geral
8105;Geral
8106;Trabalho
8107;Geral
8108;Geral
8110;Geral
8111;Geral
8112;Geral
8113;Geral
8114;Geral
8115;Geral
8116;Geral
8117;Geral
8118;Geral
8119;Geral
81223;Criminal
8124;Execução Fiscal
8126;Geral
8128;Geral
8130;Geral
8131;Geral
8132;Geral
8133;Geral
8135;Geral
8137;Geral
8138;Geral
8140;Criminal
8141;Geral
81413;Cível
8142;Geral
8143;Geral
8144;Geral
8145;Trabalho
8146;Geral
8147;Trabalho
8245;Cível
12572;Criminal
12703;Criminal
13360;Criminal
13710;Cível
16458;Criminal
16514;Geral
17349;Cível
17355;Cível
17356;Cível
17904;Cível
18275;Fazenda
18422;Criminal
23043;Cível
23044;Cível
23054;Cível
23062;Criminal
23063;Cível
23064;Cível
23084;Cível
23087;Geral
23111;Cível
23114;Cível
23116;Cível
23117;Cível
2793;Cível
2794;Cível
2795;Cível
2796;Cível
2798;Cível
2799;Cível
2801;Cível
2803;Cível
2805;Cível
2808;Cível
2810;Cível
2813;Cível
2817;Cível
2866;Cível
2871;Cível
2874;Cível
2892;Execução Fiscal
2896;Execução Fiscal
2899;Execução Fiscal
3077;Criminal
3145;Cível
3147;Cível
3151;Cível
3157;Cível
3162;Geral
3171;Execução Fiscal
3174;Geral
3178;Criminal
3181;Criminal
3184;Criminal
3207;Cível
3211;Cível
3217;Cível
3219;Cível
3222;Cível
3226;Cível
3230;Cível
3247;Cível
3250;Cível
3252;Cível
3255;Cível
3257;Cível
3261;Cível
3263;Cível
3268;Cível
3277;Cível
5359;Cível
5362;Cível
5381;Geral
5384;Geral
5399;Geral
5413;Geral
5424;Geral
5437;Cível
5446;Cível
5454;Criminal
5476;Cível
5483;Cível
5504;Cível
6023;Geral
6034;Geral
6037;Geral
6056;Cível
6063;Geral
6069;Geral
6089;Geral
6105;Cível
6122;Geral
6133;Geral
6173;Geral
6178;Geral
6185;Geral
6189;Geral
6191;Geral
6195;Geral
6196;Geral
6200;Geral
6206;Geral
6211;Cível
6215;Execução Fiscal
6405;Geral
6408;Geral
6419;Geral
6430;Geral
6435;Geral
6439;Cível
6442;Cível
6448;Criminal
6456;Cível
6457;Cível
6458;Cível
6466;Geral
6470;Criminal
6471;Criminal
6472;Cível
6473;Cível
6476;Cível
6477;Criminal
6484;Geral
6485;Geral
6490;Geral
6492;Geral
6822;Cível
6824;Criminal
6829;Cível
6830;Cível
6834;Criminal
6841;Geral
6851;Execução Fiscal
6861;Criminal
6865;Cível
6872;Cível
6873;Geral
6877;Geral
6882;Geral
6917;Trabalho
6925;Geral
6931;Trabalho
6934;Cível
6937;Geral
6941;Cível
6947;Cível
6952;Criminal
6965;Geral
6972;Cível
6977;Cível
7006;Cível
7015;Execução Fiscal
7019;Criminal
7033;Geral
7051;Cível
72025;Cível
72867;Geral
74263;Criminal
7784;Cível
7787;Geral
7788;Geral
7789;Geral
7790;Geral
7793;Geral
7795;Geral
7813;Criminal
7825;Geral
7830;Geral
7831;Geral
78322;Fazenda
7887;Cível
7892;Criminal
7895;Geral
81565;Cível
8158;Criminal
8159;Criminal
81606;Juizados Cíveis
81607;Cível
81666;Cível
81672;Criminal
81675;Criminal
8305;Cível
8312;Cível
8314;Cível
8315;Cível
8323;Juizados Cíveis
13149;Geral
13150;Geral
13153;Cível
14104;Criminal
14105;Geral
14114;Geral
16297;Cível
16300;Criminal
16310;Criminal
16322;Cível
16323;Criminal
16324;Cível
16509;Cível
16511;Criminal
16547;Geral
17359;Geral
17362;Geral
17364;Criminal
18315;Cível
21759;Cível
21898;Cível
21899;Criminal
21900;Criminal
21901;Cível
21902;Cível
21903;Geral
21904;Criminal
21905;Cível
21906;Cível
21907;Cível
21909;Geral
21910;Cível
21911;Cível
21912;Geral
21913;Cível
21914;Cível
21916;Cível
4513;Cível
5365;Cível
5368;Cível
5369;Cível
5370;Cível
5371;Cível
5375;Cível
5377;Cível
5391;Cível
5392;Cível
5395;Cível
5546;Cível
5549;Cível
5552;Cível
5556;Cível
5559;Cível
5565;Criminal
5567;Criminal
5569;Criminal
5575;Criminal
5580;Criminal
5586;Criminal
5599;Geral
5606;Geral
5609;Geral
5635;Geral
5644;Fazenda
5646;Fazenda
5648;Fazenda
5651;Fazenda
5656;Fazenda
5659;Fazenda
5660;Execução Fiscal
5664;Execução Fiscal
5674;Cível
5679;Cível
5684;Cível
5685;Cível
5688;Cível
6006;Cível
6007;Geral
6009;Criminal
6010;Criminal
6011;Criminal
6013;Criminal
6014;Geral
6015;Geral
6017;Geral
6029;Geral
6040;Cível
6042;Geral
6043;Cível
6044;Geral
6047;Geral
6048;Trabalho
6051;Criminal
6052;Cível
6054;Execução Fiscal
6055;Execução Fiscal
6057;Cível
6059;Criminal
6060;Criminal
6062;Geral
6070;Geral
6109;Geral
6110;Geral
6113;Geral
6114;Geral
6118;Geral
6119;Geral
6126;Geral
6130;Cível
6131;Criminal
6134;Geral
6136;Geral
6137;Geral
6139;Geral
6140;Criminal
6141;Geral
6142;Geral
6143;Geral
6146;Geral
6148;Geral
6149;Cível
6152;Criminal
6153;Criminal
6156;Criminal
6158;Criminal
6161;Geral
6163;Geral
6168;Cível
6169;Cível
6807;Geral
6808;Geral
6809;Geral
6813;Geral
6816;Geral
6820;Geral
6875;Criminal
6878;Cível
6883;Criminal
6884;Cível
6885;Geral
6890;Geral
6901;Geral
6903;Geral
6976;Geral
6984;Geral
7152;Criminal
7162;Criminal
72357;Geral
7331;Geral
7339;Geral
7342;Cível
7352;Criminal
7354;Geral
7356;Geral
7360;Geral
7374;Cível
7382;Cível
7391;Cível
7392;Cível
7401;Cível
7402;Criminal
7407;Criminal
7409;Criminal
7413;Criminal
7419;Criminal
7432;Geral
7436;Geral
7439;Familia
7445;Geral
7448;Fazenda
7453;Fazenda
7456;Fazenda
7464;Cível
7467;Cível
74670;Cível
7469;Criminal
7498;Geral
7509;Geral
7515;Geral
7526;Geral
7534;Geral
7543;Geral
7550;Geral
7558;Geral
7564;Geral
7569;Geral
7756;Cível
8880;Criminal
10945;Criminal
13240;Geral
13386;Criminal
13387;Criminal
13559;Criminal
13562;Geral
16313;Cível
16314;Cível
16428;Criminal
16445;Geral
16590;Criminal
16645;Cível
16913;Criminal
17369;Cível
17371;Cível
17372;Cível
17374;Cível
17383;Fazenda
17384;Cível
17385;Cível
17387;Cível
17388;Cível
17389;Cível
17390;Cível
17391;Cível
17392;Juizados Cíveis
17393;Cível
17396;Cível
17397;Cível
17401;Cível
17405;Cível
17407;Cível
17408;Cível
17410;Cível
17411;Cível
17848;Fazenda
17851;Geral
17981;Geral
17982;Geral
17995;Fazenda
18017;Cível
18024;Cível
18025;Cível
18030;Cível
18034;Cível
18035;Cível
18043;Cível
18045;Cível
18046;Cível
18052;Cível
18053;Cível
18059;Cível
18070;Cível
18074;Cível
18075;Cível
18076;Cível
18077;Cível
18081;Geral
18299;Criminal
18554;Execução Fiscal
18555;Criminal
6629;Geral
6659;Cível
6665;Cível
6668;Execução Fiscal
6693;Cível
6694;Geral
6719;Geral
6730;Criminal
6746;Cível
6779;Cível
6795;Geral
6797;Criminal
6836;Geral
6846;Cível
6847;Cível
6849;Cível
6858;Execução Fiscal
6863;Cível
6889;Criminal
6914;Cível
6915;Criminal
6918;Cível
6919;Cível
6920;Cível
6922;Cível
6924;Geral
6926;Cível
6929;Cível
6933;Geral
6938;Geral
6944;Cível
6948;Criminal
6953;Criminal
6958;Execução Fiscal
6963;Execução Fiscal
6964;Execução Fiscal
6971;Cível
6973;Execução Fiscal
6980;Cível
6988;Cível
6997;Geral
7003;Geral
7005;Geral
7013;Geral
7017;Geral
7023;Geral
7026;Cível
7030;Geral
7031;Geral
7037;Criminal
7050;Geral
7053;Cível
70546;Fazenda
7055;Cível
70554;Execução Fiscal
70565;Geral
70592;Cível
70593;Cível
70594;Cível
70595;Cível
70596;Cível
70619;Cível
7062;Criminal
70620;Cível
70622;Cível
70628;Cível
7063;Cível
70636;Cível
70637;Criminal
70638;Cível
70641;Cível
70642;Cível
70643;Cível
70644;Cível
70646;Cível
70647;Cível
7065;Cível
70650;Cível
70651;Cível
70652;Cível
70653;Cível
70654;Cível
70655;Cível
70656;Cível
7066;Geral
70665;Cível
70667;Cível
70668;Cível
7067;Criminal
7068;Cível
7069;Geral
7072;Cível
7075;Cível
7080;Geral
7081;Criminal
7085;Cível
7099;Geral
7108;Cível
7109;Geral
7111;Fazenda
7112;Cível
7113;Geral
7115;Geral
7116;Criminal
7124;Geral
7126;Cível
7132;Geral
7133;Cível
7134;Geral
7139;Geral
7144;Cível
7145;Geral
7146;Cível
7151;Geral
7153;Geral
7167;Geral
7173;Criminal
7191;Criminal
7203;Criminal
7243;Criminal
72672;Execução Fiscal
72681;Cível
72686;Criminal
72687;Criminal
72690;Criminal
72691;Criminal
7336;Fazenda
7351;Geral
7361;Cível
7362;Geral
7367;Cível
7369;Cível
7396;Cível
7399;Cível
7405;Cível
7411;Criminal
7412;Fazenda
7417;Criminal
7420;Geral
7425;Geral
7426;Cível
7428;Fazenda
7431;Geral
7434;Geral
7441;Geral
7442;Execução Fiscal
7451;Execução Fiscal
74526;Geral
74533;Cível
74534;Cível
7454;Geral
7457;Cível
7460;Cível
7463;Cível
7473;Criminal
7479;Geral
7486;Cível
7489;Cível
7513;Geral
7539;Criminal
7544;Cível
7549;Cível
7560;Geral
7561;Geral
7563;Geral
7572;Geral
7573;Geral
7575;Criminal
7578;Geral
7581;Cível
7596;Criminal
7603;Geral
7611;Criminal
7612;Geral
7615;Geral
7619;Cível
7620;Juizados Cíveis
7628;Cível
7632;Geral
7635;Criminal
7640;Geral
7648;Geral
7655;Cível
7661;Geral
7668;Cível
7693;Geral
7698;Cível
7699;Geral
7704;Criminal
7707;Geral
7709;Cível
7713;Geral
7714;Geral
7715;Execução Fiscal
7716;Geral
7718;Geral
7719;Geral
7721;Cível
7733;Criminal
7738;Criminal
7739;Cível
7744;Geral
7750;Cível
77838;Geral
77997;Criminal
78004;Criminal
78045;Criminal
78056;Criminal
78063;Geral
78795;Geral
78796;Geral
79664;Geral
80016;Geral
80832;Juizados Cíveis
8779;Geral
8780;Geral
9175;Cível
11223;Geral
11247;Geral
11249;Geral
11253;Geral
11264;Geral
11266;Geral
11267;Geral
11268;Geral
11273;Geral
11277;Geral
11285;Geral
11286;Trabalho
11287;Cível
11288;Trabalho
11289;Geral
11290;Cível
11291;Geral
11292;Geral
11293;Trabalho
11294;Trabalho
11295;Trabalho
11296;Geral
11297;Geral
11298;Geral
11299;Trabalho
11300;Geral
11302;Geral
11304;Geral
11305;Geral
11306;Geral
11307;Trabalho
11308;Geral
11310;Geral
11311;Geral
11312;Cível
11313;Geral
11315;Geral
11316;Geral
11317;Geral
11318;Geral
11319;Geral
11320;Geral
11321;Geral
11322;Geral
11323;Geral
11324;Geral
11331;Geral
11332;Trabalho
11333;Trabalho
11334;Geral
11335;Cível
11336;Criminal
11337;Geral
11338;Trabalho
11339;Criminal
11340;Cível
11341;Geral
11342;Geral
11343;Geral
11344;Criminal
11345;Criminal
11347;Execução Fiscal
11348;Cível
11349;Cível
11350;Geral
11351;Geral
11353;Criminal
11354;Criminal
11357;Criminal
11358;Familia
11359;Familia
11648;Geral
11731;Geral
11733;Geral
12998;Criminal
14059;Cível
14060;Cível
14061;Familia
14062;Familia
16536;Criminal
17413;Cível
17416;Geral
17419;Geral
17422;Geral
17927;Geral
17933;Trabalho
17942;Cível
17943;Cível
5327;Trabalho
5334;Cível
5342;Cível
5344;Execução Fiscal
5348;Execução Fiscal
5356;Criminal
5380;Criminal
5387;Criminal
5389;Criminal
5394;Criminal
5396;Criminal
5402;Criminal
5427;Familia
5445;Familia
6090;Cível
6091;Trabalho
6093;Cível
6096;Cível
6099;Trabalho
64590;Cível
64591;Cível
64592;Cível
64599;Cível
64601;Criminal
64602;Criminal
64603;Criminal
64604;Criminal
64605;Criminal
64606;Criminal
6825;Cível
6827;Trabalho
6848;Cível
6855;Cível
6857;Cível
6864;Juizados Cíveis
6891;Cível
6896;Juizados Cíveis
6899;Cível
6905;Juizados Cíveis
6907;Juizados Cíveis
6909;Cível
6975;Cível
6993;Geral
6996;Geral
7001;Cível
7011;Geral
7018;Cível
7020;Juizados Cíveis
7024;Cível
7028;Cível
7032;Geral
7045;Geral
72282;Cível
72283;Geral
72284;Cível
74664;Criminal
7847;Geral
78725;Cível
80272;Criminal
80273;Criminal
81185;Geral
10981;Cível
10983;Cível
10991;Cível
10995;Cível
11006;Cível
11017;Fazenda
11018;Fazenda
11019;Fazenda
11020;Fazenda
11025;Fazenda
11027;Fazenda
11028;Fazenda
11029;Fazenda
11030;Fazenda
11031;Fazenda
11032;Fazenda
11033;Fazenda
11034;Fazenda
11035;Fazenda
11036;Cível
11037;Cível
11038;Cível
11039;Cível
11040;Cível
11042;Fazenda
11043;Fazenda
11044;Fazenda
11045;Fazenda
11050;Fazenda
11051;Fazenda
11052;Fazenda
11054;Fazenda
11055;Fazenda
11056;Fazenda
11057;Fazenda
11068;Fazenda
11069;Fazenda
11071;Fazenda
11072;Fazenda
11074;Fazenda
11075;Fazenda
13592;Fazenda
13685;Fazenda
14318;Geral
16266;Geral
16423;Fazenda
16449;Cível
18121;Fazenda
27092;Fazenda
27115;Fazenda
27118;Fazenda
74271;Geral
74442;Fazenda
78443;Geral
8874;Cível
8913;Fazenda
8939;Criminal
8977;Cível
8986;Cível
9031;Cível
9070;Cível
9096;Cível
9115;Fazenda
9120;Geral
9163;Geral
9204;Cível
9206;Cível
9210;Cível
9214;Cível
9226;Criminal
11839;Cível
63374;Execução Fiscal
63494;Criminal
7136;Cível
7183;Cível
7194;Criminal
7196;Criminal
7215;Cível
7248;Cível
7267;Geral
7271;Cível
7272;Cível
7286;Cível
7288;Cível
7293;Cível
7358;Criminal
7388;Geral
7484;Cível
7491;Cível
7510;Cível
7511;Cível
7529;Cível
7597;Cível
7613;Cível
7637;Cível
7643;Cível
7645;Criminal
7653;Criminal
7656;Cível
7685;Criminal
7689;Geral
7695;Cível
7702;Cível
7712;Geral
7743;Cível
7752;Cível
7760;Cível
7764;Cível
7769;Cível
7791;Cível
7798;Geral
7802;Execução Fiscal
7803;Geral
7824;Cível
7846;Cível
7854;Cível
7860;Cível
7873;Cível
7874;Cível
7877;Cível
7894;Cível
7903;Criminal
7960;Cível
7994;Criminal
8004;Cível
8005;Criminal
8038;Cível
8092;Geral
11082;Fazenda
11083;Juizados Cíveis
11084;Fazenda
11085;Fazenda
11086;Fazenda
11087;Fazenda
11088;Fazenda
11089;Fazenda
11093;Juizados Cíveis
11094;Fazenda
11102;Fazenda
11109;Fazenda
12925;Criminal
13275;Criminal
13277;Fazenda
13282;Cível
13283;Cível
13284;Cível
13285;Cível
13286;Cível
13288;Cível
13289;Cível
13290;Cível
13291;Cível
13292;Cível
13293;Cível
13294;Criminal
13296;Fazenda
13297;Fazenda
13298;Fazenda
17460;Juizados Cíveis
17461;Juizados Cíveis
18352;Juizados Cíveis
18408;Fazenda
4439;Cível
4705;Cível
4709;Cível
4712;Cível
4716;Cível
4719;Cível
4724;Cível
4725;Cível
4726;Cível
4729;Cível
4731;Cível
4733;Cível
4738;Cível
4741;Cível
4743;Cível
4744;Cível
4747;Cível
4764;Cível
4765;Cível
4766;Cível
4767;Cível
4768;Fazenda
4778;Cível
4815;Criminal
4816;Criminal
5153;Cível
51693;Cível
51694;Cível
51695;Cível
53356;Cível
53357;Cível
53358;Cível
53359;Cível
53360;Cível
53361;Cível
53362;Criminal
53363;Criminal
53364;Cível
53365;Cível
53366;Criminal
53367;Cível
53368;Cível
53369;Cível
53370;Cível
53372;Cível
53373;Cível
5614;Cível
5629;Cível
5636;Criminal
5642;Cível
5650;Cível
5669;Cível
5694;Cível
5697;Cível
5701;Cível
5705;Cível
5713;Fazenda
5768;Criminal
5770;Criminal
5773;Criminal
5815;Cível
5827;Criminal
5829;Cível
5830;Geral
5831;Geral
5834;Geral
5837;Cível
5841;Geral
5844;Geral
5847;Geral
5848;Geral
5850;Geral
5853;Geral
5855;Geral
5857;Cível
5873;Geral
5875;Geral
5877;Cível
5880;Cível
5881;Cível
5887;Criminal
5889;Execução Fiscal
5892;Fazenda
5894;Geral
5896;Cível
5965;Cível
5966;Geral
5967;Cível
5970;Geral
5971;Geral
5972;Geral
5973;Geral
5975;Geral
5976;Geral
5977;Geral
5978;Geral
5979;Geral
5980;Geral
5981;Geral
5983;Geral
5985;Geral
5986;Geral
5987;Geral
5988;Geral
5990;Geral
5991;Geral
5992;Cível
5993;Geral
5994;Geral
5995;Geral
5996;Geral
5998;Cível
6001;Geral
6002;Geral
6003;Cível
6004;Cível
6005;Criminal
6555;Criminal
75496;Juizados Cíveis
75497;Juizados Cíveis
76591;Geral
76592;Geral
76593;Geral
76594;Geral
76595;Geral
76605;Geral
76606;Geral
76607;Geral
76608;Geral
76609;Geral
76610;Geral
76611;Geral
76612;Geral
76613;Geral
76614;Geral
76667;Geral
76668;Geral
76669;Geral
76670;Geral
76671;Geral
76672;Geral
76673;Geral
76674;Geral
76675;Geral
76676;Geral
76680;Geral
76681;Geral
76682;Geral
76683;Geral
76684;Geral
76685;Geral
76686;Geral
76687;Juizados Cíveis
76745;Fazenda
76746;Cível
76972;Fazenda
77156;Criminal
77157;Criminal
77158;Criminal
77159;Criminal
77160;Criminal
77161;Criminal
77162;Criminal
77163;Criminal
77164;Criminal
77165;Criminal
77166;Criminal
77167;Criminal
77168;Criminal
77169;Criminal
77170;Criminal
77266;Cível
77267;Cível
77268;Cível
77269;Fazenda
77270;Execução Fiscal
77271;Execução Fiscal
77272;Execução Fiscal
77273;Execução Fiscal
77274;Execução Fiscal
77275;Execução Fiscal
77276;Cível
77277;Cível
77278;Cível
77279;Cível
77280;Cível
78559;Fazenda
78887;Cível
79112;Cível
79113;Cível
79114;Geral
79115;Geral
79116;Geral
79118;Geral
79119;Cível
79120;Cível
12999;Geral
13324;Cível
13325;Cível
13326;Cível
13327;Geral
13931;Juizados Cíveis
16561;Cível
16562;Cível
16566;Cível
16567;Cível
16568;Criminal
16571;Criminal
16572;Cível
16574;Cível
16575;Cível
16576;Cível
16577;Cível
16578;Criminal
16579;Cível
16580;Criminal
16581;Cível
16582;Criminal
16583;Cível
16584;Cível
17466;Criminal
17836;Cível
17876;Geral
18260;Criminal
2792;Cível
3346;Cível
3349;Cível
3356;Cível
3358;Cível
3420;Cível
3421;Cível
3422;Cível
3423;Cível
3424;Criminal
3425;Criminal
3426;Cível
3427;Cível
3429;Cível
3430;Cível
3431;Cível
3432;Criminal
3433;Criminal
3434;Cível
3435;Cível
3436;Cível
3437;Cível
3438;Criminal
3439;Cível
3440;Criminal
3441;Execução Fiscal
3442;Criminal
3443;Cível
3444;Cível
3445;Cível
3446;Criminal
3447;Cível
3448;Cível
3449;Cível
3450;Criminal
3451;Criminal
3452;Cível
3453;Cível
3454;Geral
3455;Criminal
3456;Cível
3457;Cível
3458;Criminal
3459;Cível
3460;Geral
3461;Geral
3462;Geral
3463;Geral
3464;Geral
3465;Cível
3466;Geral
3467;Geral
3468;Geral
3469;Cível
3470;Geral
3472;Geral
3473;Criminal
3474;Geral
3475;Criminal
3476;Geral
3477;Cível
3478;Geral
3479;Geral
3480;Geral
3481;Geral
3482;Cível
4440;Cível
4441;Cível
4442;Cível
4443;Cível
4444;Cível
4445;Criminal
4446;Criminal
4447;Criminal
4448;Cível
4449;Criminal
4450;Criminal
4451;Criminal
4453;Criminal
4456;Juizados Cíveis
4457;Juizados Cíveis
4458;Criminal
4460;Juizados Cíveis
4463;Cível
4464;Execução Fiscal
4465;Execução Fiscal
12786;Criminal
12910;Geral
13674;Criminal
16548;Juizados Cíveis
18099;Criminal
2763;Geral
2764;Fazenda
2765;Cível
2766;Cível
2767;Cível
2768;Cível
2769;Geral
2770;Fazenda
2772;Criminal
2773;Criminal
2774;Criminal
2775;Criminal
2776;Cível
2777;Cível
2778;Cível
2779;Criminal
2780;Geral
2781;Geral
2782;Geral
2783;Geral
2784;Geral
2785;Geral
72046;Cível
72047;Cível
76559;Criminal
11326;Cível
11736;Geral
13181;Juizados Cíveis
13391;Execução Fiscal
16183;Cível
17269;Geral
17469;Cível
17473;Geral
17476;Juizados Cíveis
17487;Cível
2853;Geral
2863;Geral
2864;Geral
2870;Geral
2887;Execução Fiscal
2888;Geral
2910;Geral
2924;Geral
2952;Cível
2953;Geral
2954;Cível
2959;Geral
2960;Cível
2967;Geral
2969;Cível
2972;Geral
2989;Cível
2994;Geral
3001;Geral
3003;Geral
3021;Geral
3033;Geral
3052;Cível
3058;Geral
3064;Geral
3069;Criminal
3072;Geral
3093;Cível
3101;Geral
3105;Geral
3108;Geral
3111;Cível
3112;Geral
3117;Cível
3130;Geral
3137;Geral
3149;Execução Fiscal
3156;Execução Fiscal
3163;Geral
3179;Geral
3185;Geral
3187;Geral
3188;Geral
3196;Cível
3205;Cível
3210;Cível
3216;Cível
3241;Geral
3260;Cível
3267;Cível
3271;Cível
3284;Geral
3288;Cível
3289;Cível
3294;Cível
3298;Execução Fiscal
3300;Cível
3301;Geral
3310;Cível
3320;Cível
3322;Geral
3323;Cível
3324;Cível
3327;Cível
3336;Cível
3338;Geral
3340;Geral
3342;Geral
3344;Cível
3345;Cível
3347;Cível
3348;Execução Fiscal
3362;Geral
3364;Cível
3365;Execução Fiscal
3366;Cível
3367;Cível
3368;Cível
3369;Cível
3375;Geral
3382;Geral
3386;Cível
3387;Cível
3388;Cível
3389;Cível
3390;Cível
3391;Cível
3392;Cível
3393;Cível
3395;Cível
3396;Cível
3397;Cível
3398;Cível
3399;Cível
3400;Cível
3401;Cível
3402;Cível
3413;Cível
3415;Execução Fiscal
3654;Geral
3665;Criminal
3677;Geral
3687;Geral
3690;Cível
3740;Geral
3742;Cível
3752;Geral
3759;Geral
3774;Execução Fiscal
3793;Cível
3802;Cível
3810;Cível
3821;Cível
3825;Cível
3835;Cível
3839;Cível
3841;Cível
3843;Cível
3848;Cível
3850;Criminal
3853;Criminal
3854;Cível
3861;Cível
3863;Execução Fiscal
3864;Cível
3866;Cível
3870;Geral
3872;Cível
3882;Geral
3884;Execução Fiscal
3888;Cível
3921;Cível
3947;Cível
3958;Cível
3966;Geral
3973;Geral
3983;Geral
3987;Execução Fiscal
3988;Cível
3994;Cível
4002;Geral
4008;Juizados Cíveis
4053;Geral
4054;Cível
4059;Cível
4066;Cível
4098;Geral
4161;Cível
4180;Cível
4183;Cível
4188;Cível
4200;Geral
75423;Cível
77703;Cível
77704;Execução Fiscal
9177;Cível
9178;Cível
9243;Cível
11679;Criminal
11682;Cível
11865;Geral
11870;Criminal
12734;Criminal
12735;Criminal
12814;Criminal
13109;Criminal
13146;Criminal
13156;Criminal
13358;Cível
13381;Execução Fiscal
13810;Geral
13811;Geral
13815;Cível
13817;Cível
13818;Criminal
13820;Cível
13821;Cível
13822;Cível
13892;Geral
13894;Cível
13895;Criminal
13908;Criminal
13910;Criminal
13919;Cível
13920;Criminal
13922;Criminal
13923;Cível
13934;Criminal
13935;Criminal
13959;Criminal
14085;Criminal
14086;Cível
14099;Cível
14100;Cível
14113;Geral
14123;Execução Fiscal
14163;Cível
14164;Criminal
14165;Geral
16945;Cível
16946;Cível
16947;Fazenda
17005;Cível
17006;Cível
17007;Cível
17013;Cível
17505;Cível
17508;Juizados Cíveis
17510;Execução Fiscal
17528;Cível
18399;Cível
18400;Cível
18401;Criminal
18432;Cível
4262;Cível
4267;Cível
4372;Cível
4536;Geral
4547;Geral
4566;Geral
4577;Cível
4582;Geral
4598;Cível
4601;Cível
4618;Cível
4630;Geral
4673;Geral
4677;Cível
4690;Geral
4704;Geral
4730;Geral
4734;Geral
4737;Cível
4739;Geral
4745;Geral
4748;Criminal
4751;Geral
4771;Cível
4774;Cível
4775;Geral
5581;Geral
5594;Geral
5610;Cível
5616;Geral
5618;Geral
5628;Geral
5633;Geral
5643;Cível
5649;Cível
5653;Geral
5657;Cível
5658;Cível
5665;Cível
5673;Cível
5681;Cível
5689;Cível
5693;Criminal
5698;Criminal
5700;Cível
5703;Criminal
5707;Geral
5709;Geral
5728;Geral
5732;Geral
5738;Geral
5739;Cível
5747;Cível
5751;Criminal
5759;Geral
5765;Geral
5771;Geral
5776;Cível
5781;Geral
5783;Cível
5784;Cível
5785;Geral
5787;Cível
5791;Criminal
5793;Cível
5795;Criminal
5801;Criminal
5805;Criminal
5812;Fazenda
5835;Criminal
5840;Cível
5842;Cível
5846;Cível
5849;Criminal
5852;Criminal
5856;Criminal
5863;Geral
5867;Fazenda
5868;Geral
5876;Cível
5879;Geral
5883;Geral
5886;Geral
5888;Cível
5891;Geral
5897;Cível
5898;Geral
5901;Cível
5905;Cível
5912;Cível
5919;Cível
5922;Cível
5923;Cível
5924;Cível
5926;Cível
5929;Cível
5930;Criminal
5933;Cível
5934;Criminal
5937;Cível
5941;Cível
5944;Cível
5945;Cível
5947;Geral
5949;Cível
5951;Cível
5952;Geral
5955;Cível
5957;Cível
5961;Cível
5962;Cível
5963;Cível
6216;Criminal
6226;Cível
6228;Geral
6231;Cível
6232;Geral
6234;Cível
6237;Cível
6238;Criminal
6239;Cível
6240;Criminal
6242;Criminal
6243;Cível
6245;Cível
6247;Cível
6251;Execução Fiscal
6252;Criminal
6253;Criminal
6255;Fazenda
6267;Criminal
6270;Cível
6272;Cível
6274;Cível
6275;Cível
6276;Cível
6278;Cível
6280;Criminal
6281;Criminal
6284;Criminal
6294;Cível
6314;Cível
74569;Cível
74570;Cível
76481;Criminal
77145;Cível
77977;Cível
79445;Geral
81425;Execução Fiscal
8216;Cível
8217;Cível
8218;Cível
8219;Criminal
8220;Criminal
8222;Fazenda
8235;Cível
8236;Cível
8237;Criminal
8238;Cível
8239;Cível
8240;Criminal
8241;Cível
8242;Cível
8244;Criminal
8246;Cível
8247;Cível
8250;Cível
8252;Cível
8254;Cível
8259;Cível
8263;Cível
8265;Criminal
8266;Cível
8267;Cível
8268;Criminal
8269;Criminal
8270;Execução Fiscal
8272;Cível
8273;Cível
8276;Cível
8278;Criminal
8279;Criminal
8281;Fazenda
8282;Cível
8881;Cível
8955;Cível
8963;Cível
8973;Cível
11701;Cível
11850;Criminal
13691;Criminal
13788;Criminal
14408;Criminal
16868;Execução Fiscal
17047;Cível
17048;Cível
18003;Geral
18123;Cível
18124;Cível
18130;Geral
18132;Geral
18143;Geral
18144;Geral
18145;Geral
18146;Geral
18149;Geral
18152;Geral
18154;Geral
18157;Geral
18158;Geral
18159;Geral
18160;Geral
18161;Geral
18163;Geral
18164;Geral
18166;Geral
18171;Geral
18173;Geral
18177;Geral
18179;Geral
18228;Criminal
18370;Geral
18412;Geral
27836;Cível
27842;Cível
27843;Cível
27844;Cível
27845;Cível
27846;Criminal
27847;Cível
27848;Cível
27849;Cível
27850;Cível
27851;Cível
48145;Criminal
53286;Cível
71971;Criminal
72106;Geral
73008;Criminal
78561;Geral
78670;Criminal
78789;Geral
78793;Geral
81743;Criminal
8327;Cível
8328;Cível
8329;Cível
8330;Cível
8331;Cível
8332;Cível
8333;Cível
8334;Cível
8335;Cível
8336;Cível
8337;Cível
8338;Cível
8339;Cível
8340;Cível
8343;Cível
8344;Juizados Cíveis
8345;Execução Fiscal
8349;Criminal
8355;Criminal
8358;Criminal
8359;Criminal
8361;Cível
8362;Criminal
8365;Criminal
8366;Cível
8367;Criminal
8368;Criminal
8370;Criminal
8372;Cível
8373;Criminal
8374;Cível
8375;Geral
8376;Cível
8377;Cível
8378;Cível
8379;Cível
8380;Cível
8382;Criminal
8384;Geral
8388;Geral
8391;Geral
8398;Geral
8404;Criminal
8417;Cível
8423;Cível
8433;Criminal
8447;Cível
8457;Geral
8466;Geral
8478;Criminal
8481;Cível
8489;Cível
8498;Cível
8506;Criminal
8507;Cível
8510;Cível
8514;Cível
8521;Criminal
8523;Geral
8528;Geral
8529;Criminal
8552;Geral
8557;Criminal
8565;Geral
8573;Geral
8577;Cível
8579;Geral
8582;Criminal
8587;Cível
8588;Criminal
8595;Geral
8598;Cível
8602;Geral
8603;Criminal
8607;Cível
8609;Geral
8618;Geral
8621;Cível
8629;Geral
8630;Criminal
8635;Cível
8638;Geral
8643;Criminal
8653;Geral
8659;Geral
8663;Criminal
8673;Geral
8678;Geral
8719;Cível
10416;Criminal
10559;Cível
10564;Cível
17582;Cível
17587;Geral
18302;Geral
33640;Geral
33641;Geral
33644;Geral
33645;Geral
33646;Geral
33647;Geral
33648;Geral
33649;Geral
33650;Geral
33651;Geral
3956;Cível
3970;Cível
4274;Criminal
4277;Fazenda
4280;Fazenda
4284;Juizados Cíveis
4296;Cível
4309;Cível
4312;Criminal
4314;Cível
4322;Cível
4326;Cível
4328;Criminal
4337;Geral
4341;Cível
4346;Cível
4362;Cível
4365;Cível
5155;Cível
5157;Cível
5158;Criminal
5159;Criminal
5160;Criminal
5163;Cível
5170;Cível
5171;Fazenda
5173;Cível
5174;Criminal
5178;Cível
5179;Criminal
5184;Cível
5185;Criminal
5189;Cível
5195;Cível
5196;Criminal
5198;Cível
5202;Juizados Cíveis
5209;Cível
5213;Cível
5220;Cível
5222;Criminal
5258;Cível
5268;Cível
5278;Execução Fiscal
5284;Criminal
5287;Execução Fiscal
5289;Criminal
5292;Cível
5299;Cível
5349;Cível
5351;Criminal
5432;Geral
5436;Geral
5444;Geral
5455;Geral
5465;Geral
5470;Criminal
5481;Geral
5487;Geral
5491;Geral
5496;Geral
5499;Geral
5509;Geral
5512;Geral
5518;Geral
5521;Geral
5529;Geral
5533;Geral
5543;Geral
5548;Geral
5555;Geral
5582;Geral
5588;Geral
5596;Geral
5600;Geral
5607;Geral
5619;Geral
78544;Fazenda
78545;Fazenda
78546;Execução Fiscal
78549;Juizados Cíveis
81186;Fazenda
16026;Eleitoral
16027;Eleitoral
16028;Eleitoral
16029;Eleitoral
16030;Eleitoral
16031;Eleitoral
16032;Eleitoral
16033;Eleitoral
16034;Eleitoral
78481;Eleitoral
78482;Eleitoral
78483;Eleitoral
78484;Eleitoral
78485;Eleitoral
78487;Eleitoral
16191;Eleitoral
16193;Eleitoral
16196;Eleitoral
16197;Eleitoral
16200;Eleitoral
16201;Eleitoral
16202;Eleitoral
16203;Eleitoral
16204;Eleitoral
16205;Eleitoral
16206;Eleitoral
16210;Eleitoral
16211;Eleitoral
16214;Eleitoral
16216;Eleitoral
16222;Eleitoral
16223;Eleitoral
16225;Eleitoral
16227;Eleitoral
16230;Eleitoral
16231;Eleitoral
16232;Eleitoral
16233;Eleitoral
16234;Eleitoral
16236;Eleitoral
16239;Eleitoral
16243;Eleitoral
80138;Eleitoral
44003;Eleitoral
44004;Eleitoral
44005;Eleitoral
44006;Eleitoral
44007;Eleitoral
44008;Eleitoral
51250;Eleitoral
51251;Eleitoral
51253;Eleitoral
51254;Eleitoral
51255;Eleitoral
51256;Eleitoral
51259;Eleitoral
51260;Eleitoral
51261;Eleitoral
30557;Eleitoral
30559;Eleitoral
30560;Eleitoral
30561;Eleitoral
30562;Eleitoral
30564;Eleitoral
30632;Eleitoral
33385;Eleitoral
33389;Eleitoral
33399;Eleitoral
33414;Eleitoral
33421;Eleitoral
33422;Eleitoral
33430;Eleitoral
33433;Eleitoral
33435;Eleitoral
33436;Eleitoral
33438;Eleitoral
33459;Eleitoral
33485;Eleitoral
33496;Eleitoral
33514;Eleitoral
33516;Eleitoral
33519;Eleitoral
77149;Eleitoral
14567;Eleitoral
14588;Eleitoral
29001;Eleitoral
63884;Eleitoral
63887;Eleitoral
63907;Eleitoral
63911;Eleitoral
63913;Eleitoral
63914;Eleitoral
63921;Eleitoral
16041;Eleitoral
16042;Eleitoral
16051;Eleitoral
16057;Eleitoral
16059;Eleitoral
16068;Eleitoral
16073;Eleitoral
16074;Eleitoral
16080;Eleitoral
16084;Eleitoral
16089;Eleitoral
16090;Eleitoral
16106;Eleitoral
16117;Eleitoral
16145;Eleitoral
16146;Eleitoral
16155;Eleitoral
16164;Eleitoral
16166;Eleitoral
16167;Eleitoral
16170;Eleitoral
16172;Eleitoral
16173;Eleitoral
16177;Eleitoral
16178;Eleitoral
67842;Eleitoral
51357;Eleitoral
51375;Eleitoral
51376;Eleitoral
51377;Eleitoral
51389;Eleitoral
51391;Eleitoral
51399;Eleitoral
51407;Eleitoral
51458;Eleitoral
15695;Eleitoral
15705;Eleitoral
15737;Eleitoral
15771;Eleitoral
15835;Eleitoral
15877;Eleitoral
15878;Eleitoral
15912;Eleitoral
15931;Eleitoral
67964;Eleitoral
67966;Eleitoral
14513;Eleitoral
14517;Eleitoral
14518;Eleitoral
14520;Eleitoral
14528;Eleitoral
14529;Eleitoral
14530;Eleitoral
14533;Eleitoral
14536;Eleitoral
14537;Eleitoral
14539;Eleitoral
14544;Eleitoral
14551;Eleitoral
14552;Eleitoral
14561;Eleitoral
14563;Eleitoral
14565;Eleitoral
63989;Eleitoral
63990;Eleitoral
16339;Eleitoral
16341;Eleitoral
16343;Eleitoral
16360;Eleitoral
16367;Eleitoral
16369;Eleitoral
16376;Eleitoral
16379;Eleitoral
16381;Eleitoral
14251;Eleitoral
14263;Eleitoral
14267;Eleitoral
14273;Eleitoral
14274;Eleitoral
14282;Eleitoral
14284;Eleitoral
14285;Eleitoral
14287;Eleitoral
14293;Eleitoral
14294;Eleitoral
14297;Eleitoral
44868;Eleitoral
28774;Eleitoral
28805;Eleitoral
28850;Eleitoral
28864;Eleitoral
28881;Eleitoral
28923;Eleitoral
14457;Eleitoral
14461;Eleitoral
14469;Eleitoral
14475;Eleitoral
14510;Eleitoral
52414;Eleitoral
43736;Eleitoral
43745;Eleitoral
43752;Eleitoral
43757;Eleitoral
43758;Eleitoral
43764;Eleitoral
43768;Eleitoral
43791;Eleitoral
15601;Eleitoral
15602;Eleitoral
15605;Eleitoral
15606;Eleitoral
15609;Eleitoral
15611;Eleitoral
15613;Eleitoral
15619;Eleitoral
15620;Eleitoral
15621;Eleitoral
15625;Eleitoral
15626;Eleitoral
15627;Eleitoral
15628;Eleitoral
15632;Eleitoral
15635;Eleitoral
28237;Eleitoral
28238;Eleitoral
28239;Eleitoral
28240;Eleitoral
28241;Eleitoral
28242;Eleitoral
67980;Eleitoral
67983;Eleitoral
67984;Eleitoral
27134;Eleitoral
27143;Eleitoral
27176;Eleitoral
27189;Eleitoral
27228;Eleitoral
27233;Eleitoral
27302;Eleitoral
14618;Eleitoral
14651;Eleitoral
14703;Eleitoral
79359;Eleitoral
14196;Eleitoral
14197;Eleitoral
14198;Eleitoral
14199;Eleitoral
14205;Eleitoral
14206;Eleitoral
14208;Eleitoral
14209;Eleitoral
14213;Eleitoral
14215;Eleitoral
14221;Eleitoral
14225;Eleitoral
14228;Eleitoral
72014;Eleitoral
72015;Eleitoral
72016;Eleitoral
72017;Eleitoral
72019;Eleitoral
72105;Eleitoral
14716;Eleitoral
14776;Eleitoral
16108;Eleitoral
16113;Eleitoral
16126;Eleitoral
16128;Eleitoral
16245;Eleitoral
16502;Eleitoral
16507;Eleitoral
16923;Eleitoral
16924;Eleitoral
16926;Eleitoral
16930;Eleitoral
16931;Eleitoral
16932;Eleitoral
16935;Eleitoral
16937;Eleitoral
16939;Eleitoral
16940;Eleitoral
16943;Eleitoral
16944;Eleitoral
27356;Eleitoral
27361;Eleitoral
30447;Eleitoral
30448;Eleitoral
30451;Eleitoral
30454;Eleitoral
30458;Eleitoral
30461;Eleitoral
30463;Eleitoral
30477;Eleitoral
30483;Eleitoral
30492;Eleitoral
30500;Eleitoral
30502;Eleitoral
30504;Eleitoral
30507;Eleitoral
30517;Eleitoral
30518;Eleitoral
30521;Eleitoral
30526;Eleitoral
30527;Eleitoral
72233;Eleitoral
14927;Eleitoral
15175;Eleitoral
15214;Eleitoral
11879;Criminal
12151;Criminal
12239;Criminal
12241;Cível
12242;Cível
12245;Cível
12246;Cível
12249;Criminal
12251;Cível
12252;Cível
12253;Criminal
12255;Cível
12257;Criminal
12258;Cível
12259;Criminal
12260;Criminal
12261;Criminal
12265;Cível
12273;Geral
12276;Geral
12278;Geral
12280;Geral
12282;Geral
12284;Execução Fiscal
12286;Geral
12288;Geral
12289;Geral
12291;Geral
12293;Geral
12294;Geral
12297;Criminal
12298;Geral
12299;Geral
12301;Geral
12302;Geral
12307;Criminal
12311;Geral
12312;Geral
12313;Geral
12316;Criminal
12317;Criminal
12320;Geral
12322;Geral
12324;Geral
12438;Geral
12658;Geral
12849;Juizados Cíveis
12850;Juizados Cíveis
12852;Juizados Cíveis
12853;Juizados Cíveis
12860;Juizados Cíveis
12861;Juizados Cíveis
12862;Juizados Cíveis
12863;Juizados Cíveis
12864;Execução Fiscal
12865;Juizados Cíveis
12866;Juizados Cíveis
12867;Juizados Cíveis
12868;Juizados Cíveis
12869;Execução Fiscal
12870;Cível
12871;Execução Fiscal
12872;Execução Fiscal
12873;Execução Fiscal
12874;Execução Fiscal
12875;Execução Fiscal
12876;Execução Fiscal
12877;Execução Fiscal
12878;Execução Fiscal
12879;Juizados Cíveis
12880;Juizados Cíveis
12881;Juizados Cíveis
12884;Juizados Cíveis
12885;Juizados Cíveis
12886;Juizados Cíveis
12888;Juizados Cíveis
12889;Juizados Cíveis
12890;Juizados Cíveis
12891;Juizados Cíveis
12892;Juizados Cíveis
12893;Execução Fiscal
12894;Execução Fiscal
12900;Juizados Cíveis
12901;Execução Fiscal
12902;Execução Fiscal
12903;Execução Fiscal
12904;Execução Fiscal
12906;Juizados Cíveis
12907;Juizados Cíveis
13726;Execução Fiscal
13740;Execução Fiscal
13791;Execução Fiscal
13792;Execução Fiscal
13794;Geral
13877;Cível
13930;Geral
14167;Criminal
14309;Execução Fiscal
14335;Geral
16184;Criminal
17021;Cível
17022;Geral
17023;Cível
17024;Cível
17025;Geral
17026;Geral
17027;Cível
17028;Geral
17030;Geral
17031;Cível
17034;Cível
17035;Cível
17036;Cível
17038;Cível
17040;Cível
17041;Cível
17042;Cível
17043;Cível
17044;Cível
17045;Cível
17756;Juizados Cíveis
17758;Juizados Cíveis
17760;Execução Fiscal
17761;Juizados Cíveis
17762;Execução Fiscal
17763;Execução Fiscal
17767;Cível
17769;Juizados Cíveis
18241;Juizados Cíveis
18242;Juizados Cíveis
18243;Juizados Cíveis
18244;Juizados Cíveis
18245;Juizados Cíveis
18255;Geral
63777;Geral
63780;Geral
63796;Cível
63797;Cível
63798;Cível
63799;Cível
63800;Cível
63801;Cível
63802;Cível
63803;Cível
63804;Cível
63807;Cível
63816;Geral
63842;Cível
63844;Cível
63845;Cível
12442;Criminal
12443;Criminal
12444;Criminal
12445;Criminal
12446;Criminal
12447;Criminal
12448;Criminal
12449;Criminal
12450;Criminal
12453;Execução Fiscal
12454;Geral
12455;Geral
12456;Geral
12457;Geral
12458;Geral
12460;Geral
12461;Geral
12462;Geral
12464;Geral
12465;Criminal
12466;Criminal
12468;Criminal
12470;Geral
12471;Geral
12473;Geral
12475;Geral
12476;Geral
12478;Geral
12479;Geral
12480;Geral
12482;Geral
12483;Geral
12484;Geral
12486;Geral
12487;Geral
12488;Geral
12490;Geral
12491;Geral
12492;Geral
12494;Geral
12495;Geral
12496;Geral
12498;Geral
12499;Geral
12500;Geral
12502;Geral
12503;Execução Fiscal
12504;Geral
12506;Geral
12507;Geral
12511;Geral
12512;Geral
12513;Geral
12515;Geral
12516;Geral
12517;Geral
12518;Geral
12519;Geral
12521;Geral
12522;Geral
12524;Geral
12526;Geral
12528;Geral
12530;Geral
12532;Geral
12534;Geral
12535;Geral
12536;Geral
12538;Geral
12541;Criminal
12542;Criminal
12544;Geral
12545;Geral
12547;Geral
12549;Geral
12551;Criminal
12553;Criminal
12555;Geral
12927;Cível
12928;Cível
12930;Cível
12932;Cível
12933;Cível
12934;Cível
12935;Cível
12936;Cível
12937;Cível
12938;Cível
12939;Cível
12940;Cível
12943;Cível
12944;Cível
12946;Cível
12947;Cível
12949;Cível
12950;Cível
12951;Cível
12952;Cível
12953;Execução Fiscal
12954;Cível
12955;Cível
12957;Cível
12958;Cível
12959;Geral
12960;Cível
12961;Cível
12962;Cível
12963;Cível
13743;Geral
13754;Geral
13843;Geral
13844;Geral
13845;Geral
13846;Execução Fiscal
13848;Geral
13850;Execução Fiscal
13867;Criminal
13905;Execução Fiscal
13978;Criminal
13983;Geral
13985;Juizados Cíveis
13986;Juizados Cíveis
13989;Execução Fiscal
13990;Execução Fiscal
13991;Execução Fiscal
13992;Execução Fiscal
13993;Execução Fiscal
13994;Execução Fiscal
13995;Execução Fiscal
13996;Execução Fiscal
13997;Execução Fiscal
13998;Execução Fiscal
13999;Execução Fiscal
14000;Execução Fiscal
14002;Geral
14003;Cível
14004;Cível
14005;Geral
14006;Geral
14007;Execução Fiscal
14008;Execução Fiscal
14009;Execução Fiscal
14010;Juizados Cíveis
14012;Execução Fiscal
14013;Execução Fiscal
14021;Juizados Cíveis
14027;Juizados Cíveis
14030;Execução Fiscal
14039;Execução Fiscal
14041;Juizados Cíveis
14042;Juizados Cíveis
14043;Juizados Cíveis
14044;Juizados Cíveis
14045;Juizados Cíveis
14046;Juizados Cíveis
14047;Juizados Cíveis
14048;Juizados Cíveis
14049;Juizados Cíveis
14050;Juizados Cíveis
14051;Juizados Cíveis
14052;Juizados Cíveis
14053;Juizados Cíveis
14057;Execução Fiscal
14117;Geral
14161;Juizados Cíveis
14310;Juizados Cíveis
14312;Juizados Cíveis
14314;Execução Fiscal
16315;Geral
16398;Geral
16399;Geral
16419;Geral
16494;Geral
16495;Cível
16496;Cível
16497;Geral
16534;Execução Fiscal
16586;Geral
16884;Geral
17772;Juizados Cíveis
17884;Juizados Cíveis
18100;Execução Fiscal
18196;Execução Fiscal
18202;Cível
18205;Cível
18216;Geral
18224;Geral
18225;Geral
21636;Cível
21637;Cível
21670;Cível
21671;Geral
21672;Geral
21673;Cível
21674;Cível
21675;Geral
21676;Cível
21677;Cível
21678;Cível
21679;Cível
21680;Cível
21681;Cível
21682;Cível
21683;Cível
21684;Geral
21685;Geral
21686;Geral
21687;Cível
21688;Cível
21689;Cível
21690;Cível
21691;Cível
21692;Cível
21693;Cível
21694;Cível
21695;Cível
21696;Cível
21697;Cível
21698;Cível
21699;Cível
21700;Cível
21701;Cível
21702;Cível
21703;Cível
21704;Cível
21705;Cível
21706;Cível
21707;Criminal
21708;Criminal
21709;Criminal
21711;Cível
21715;Cível
52435;Geral
52669;Criminal
79243;Juizados Cíveis
11890;Criminal
11891;Criminal
11892;Criminal
11911;Geral
11913;Geral
11914;Geral
11915;Criminal
11916;Criminal
11917;Geral
11919;Geral
11920;Criminal
11922;Geral
11923;Geral
11925;Criminal
11926;Cível
11927;Geral
11928;Criminal
11930;Juizados Cíveis
11931;Geral
11950;Geral
11951;Geral
11952;Geral
11954;Geral
11956;Geral
11957;Geral
11958;Geral
11960;Execução Fiscal
11961;Geral
11964;Geral
11969;Geral
11970;Criminal
11971;Geral
11972;Geral
11973;Geral
11975;Criminal
11978;Criminal
11979;Criminal
12001;Geral
12003;Criminal
12004;Criminal
12005;Criminal
12007;Criminal
12011;Geral
12012;Geral
12013;Geral
12147;Criminal
12149;Geral
12150;Geral
12576;Criminal
12578;Geral
12579;Geral
12581;Geral
12582;Geral
12583;Geral
12585;Geral
12586;Geral
12587;Geral
12588;Execução Fiscal
12589;Geral
12590;Geral
12591;Geral
12592;Geral
12593;Geral
12594;Geral
12596;Execução Fiscal
12597;Geral
12600;Geral
12602;Geral
12603;Geral
12604;Geral
12605;Geral
12609;Juizados Cíveis
12610;Geral
12611;Geral
12612;Geral
12615;Geral
12617;Juizados Cíveis
12618;Geral
12619;Geral
12620;Geral
12621;Geral
12623;Geral
12625;Criminal
12626;Geral
12627;Geral
12632;Cível
12633;Geral
12634;Cível
12635;Cível
12637;Geral
12638;Geral
12639;Geral
12641;Geral
12642;Cível
12652;Execução Fiscal
12653;Geral
12654;Execução Fiscal
12655;Geral
12656;Geral
12659;Criminal
12660;Geral
12663;Geral
12664;Geral
12665;Geral
12667;Geral
12668;Geral
12669;Juizados Cíveis
12670;Execução Fiscal
12671;Execução Fiscal
12672;Execução Fiscal
12673;Geral
12674;Geral
12676;Geral
12677;Geral
12678;Juizados Cíveis
12679;Juizados Cíveis
12680;Juizados Cíveis
12681;Juizados Cíveis
12682;Criminal
12685;Geral
12686;Geral
12687;Geral
12688;Execução Fiscal
12689;Execução Fiscal
12690;Execução Fiscal
12691;Execução Fiscal
12692;Geral
12693;Geral
12694;Geral
12695;Execução Fiscal
12696;Execução Fiscal
12697;Geral
13380;Criminal
13701;Criminal
13866;Criminal
13869;Criminal
13881;Geral
16180;Geral
16263;Geral
16427;Execução Fiscal
16437;Juizados Cíveis
16592;Geral
17782;Juizados Cíveis
17784;Cível
17786;Geral
17788;Geral
17789;Juizados Cíveis
17791;Geral
17792;Execução Fiscal
17793;Geral
17794;Geral
17795;Geral
17796;Geral
17797;Geral
17798;Geral
17799;Execução Fiscal
17800;Geral
17803;Execução Fiscal
17804;Geral
17805;Geral
17806;Geral
17811;Juizados Cíveis
17812;Geral
17814;Execução Fiscal
17818;Geral
17819;Cível
17822;Cível
17984;Geral
18085;Geral
18360;Cível
18362;Criminal
44494;Geral
44501;Execução Fiscal
44518;Geral
44527;Cível
44528;Criminal
44529;Cível
44531;Criminal
44534;Criminal
44536;Cível
44538;Criminal
44539;Cível
44540;Cível
44543;Cível
44546;Criminal
44549;Criminal
44550;Cível
53295;Cível
72822;Geral
72823;Criminal
72824;Geral
72825;Geral
72909;Criminal
12158;Geral
12159;Geral
12160;Geral
12161;Geral
12162;Execução Fiscal
12164;Geral
12165;Geral
12175;Execução Fiscal
12177;Criminal
12178;Criminal
12181;Geral
12182;Geral
12184;Geral
12186;Execução Fiscal
12188;Geral
12190;Geral
12192;Execução Fiscal
12195;Geral
12197;Execução Fiscal
12205;Geral
12208;Execução Fiscal
12213;Geral
12214;Geral
12215;Geral
12217;Geral
12219;Execução Fiscal
12221;Geral
12222;Cível
12223;Criminal
12225;Cível
12226;Cível
12227;Execução Fiscal
12229;Geral
12230;Geral
12231;Geral
12232;Geral
12233;Geral
12234;Execução Fiscal
12236;Geral
12237;Geral
13694;Geral
13702;Geral
13859;Geral
13860;Geral
13861;Geral
13884;Geral
13885;Geral
13886;Geral
13888;Geral
13889;Geral
13890;Geral
13899;Geral
13900;Geral
14136;Geral
15298;Geral
15385;Criminal
16023;Geral
16487;Geral
16525;Geral
16529;Geral
16530;Geral
16533;Execução Fiscal
16979;Geral
17907;Criminal
17908;Execução Fiscal
17910;Geral
18090;Criminal
18091;Geral
18211;Geral
18213;Geral
18227;Geral
33688;Trabalho
33689;Trabalho
33690;Trabalho
33691;Trabalho
33693;Trabalho
33694;Trabalho
33695;Trabalho
33696;Trabalho
33697;Trabalho
33713;Trabalho
33714;Trabalho
33715;Trabalho
33716;Trabalho
33717;Trabalho
33718;Trabalho
33719;Trabalho
33720;Trabalho
33721;Trabalho
33722;Trabalho
33723;Trabalho
33724;Trabalho
33725;Trabalho
33726;Trabalho
33728;Trabalho
33729;Trabalho
33730;Trabalho
33731;Trabalho
33732;Trabalho
33733;Trabalho
33734;Trabalho
33735;Trabalho
33736;Trabalho
33737;Trabalho
33738;Trabalho
33739;Trabalho
33740;Trabalho
33741;Trabalho
33742;Trabalho
33743;Trabalho
33744;Trabalho
33745;Trabalho
33746;Trabalho
33747;Trabalho
33748;Trabalho
33749;Trabalho
33750;Trabalho
33751;Trabalho
33753;Trabalho
33754;Trabalho
33755;Trabalho
33756;Trabalho
33757;Trabalho
33758;Trabalho
33759;Trabalho
33760;Trabalho
33761;Trabalho
33762;Trabalho
33763;Trabalho
33764;Trabalho
33765;Trabalho
33766;Trabalho
33767;Trabalho
33768;Trabalho
33769;Trabalho
33770;Trabalho
33771;Trabalho
33772;Trabalho
33773;Trabalho
33774;Trabalho
33775;Trabalho
33776;Trabalho
33777;Trabalho
33778;Trabalho
33779;Trabalho
33780;Trabalho
33781;Trabalho
33782;Trabalho
33783;Trabalho
33784;Trabalho
33785;Trabalho
33786;Trabalho
33787;Trabalho
33788;Trabalho
33789;Trabalho
33790;Trabalho
33791;Trabalho
33792;Trabalho
33793;Trabalho
33794;Trabalho
33795;Trabalho
33796;Trabalho
33797;Trabalho
33798;Trabalho
33799;Trabalho
33800;Trabalho
33801;Trabalho
33802;Trabalho
33803;Trabalho
33804;Trabalho
33805;Trabalho
33806;Trabalho
33807;Trabalho
33808;Trabalho
33809;Trabalho
33810;Trabalho
33811;Trabalho
33812;Trabalho
33813;Trabalho
33814;Trabalho
33815;Trabalho
33816;Trabalho
33817;Trabalho
33818;Trabalho
33819;Trabalho
33820;Trabalho
33821;Trabalho
33822;Trabalho
33823;Trabalho
33824;Trabalho
33825;Trabalho
33826;Trabalho
33827;Trabalho
33828;Trabalho
33829;Trabalho
33830;Trabalho
33831;Trabalho
33832;Trabalho
33833;Trabalho
33834;Trabalho
33835;Trabalho
33836;Trabalho
33837;Trabalho
33838;Trabalho
33839;Trabalho
33840;Trabalho
33841;Trabalho
33842;Trabalho
33843;Trabalho
33845;Trabalho
33846;Trabalho
33847;Trabalho
33848;Trabalho
33849;Trabalho
33850;Trabalho
33851;Trabalho
33852;Trabalho
33853;Trabalho
33854;Trabalho
33855;Trabalho
33856;Trabalho
33857;Trabalho
33858;Trabalho
33859;Trabalho
33864;Trabalho
33865;Trabalho
33866;Trabalho
33868;Trabalho
33869;Trabalho
33870;Trabalho
33875;Trabalho
33877;Trabalho
33878;Trabalho
33880;Trabalho
33881;Trabalho
33882;Trabalho
33883;Trabalho
33884;Trabalho
33885;Trabalho
33890;Trabalho
33891;Trabalho
33894;Trabalho
33898;Trabalho
33899;Trabalho
33900;Trabalho
33904;Trabalho
33907;Trabalho
33908;Trabalho
33909;Trabalho
33910;Trabalho
33911;Trabalho
33912;Trabalho
33928;Trabalho
33933;Trabalho
33934;Trabalho
526;Trabalho
528;Trabalho
70803;Trabalho
72980;Trabalho
74453;Trabalho
75580;Trabalho
76596;Trabalho
78552;Trabalho
78895;Trabalho
79444;Trabalho
79482;Trabalho
80274;Trabalho
81330;Trabalho
81405;Trabalho
81493;Trabalho
81494;Trabalho
27628;Trabalho
27629;Trabalho
27630;Trabalho
27631;Trabalho
27632;Trabalho
27633;Trabalho
27634;Trabalho
27635;Trabalho
27636;Trabalho
27637;Trabalho
27638;Trabalho
27639;Trabalho
27640;Trabalho
27641;Trabalho
27642;Trabalho
27643;Trabalho
27644;Trabalho
27645;Trabalho
27646;Trabalho
27647;Trabalho
27648;Trabalho
27649;Trabalho
27656;Trabalho
27657;Trabalho
27658;Trabalho
27659;Trabalho
27660;Trabalho
27661;Trabalho
27662;Trabalho
27663;Trabalho
27672;Trabalho
27673;Trabalho
27674;Trabalho
27675;Trabalho
27676;Trabalho
27677;Trabalho
27678;Trabalho
27679;Trabalho
27683;Trabalho
27684;Trabalho
27685;Trabalho
27686;Trabalho
27687;Trabalho
27688;Trabalho
43675;Trabalho
79109;Trabalho
79526;Trabalho
79527;Trabalho
81707;Trabalho
27762;Trabalho
27763;Trabalho
27764;Trabalho
27765;Trabalho
27766;Trabalho
27767;Trabalho
27768;Trabalho
27769;Trabalho
27770;Trabalho
27771;Trabalho
27772;Trabalho
27773;Trabalho
27774;Trabalho
27775;Trabalho
27776;Trabalho
27777;Trabalho
27778;Trabalho
27779;Trabalho
27780;Trabalho
27781;Trabalho
27782;Trabalho
27785;Trabalho
27796;Trabalho
27801;Trabalho
27805;Trabalho
27821;Trabalho
27825;Trabalho
27826;Trabalho
27830;Trabalho
30678;Trabalho
75558;Trabalho
78433;Trabalho
19385;Trabalho
19387;Trabalho
19389;Trabalho
19393;Trabalho
19395;Trabalho
19402;Trabalho
19403;Trabalho
19406;Trabalho
19409;Trabalho
19412;Trabalho
19413;Trabalho
19414;Trabalho
19420;Trabalho
19421;Trabalho
19423;Trabalho
19432;Trabalho
19434;Trabalho
19438;Trabalho
19439;Trabalho
19440;Trabalho
19441;Trabalho
19442;Trabalho
19444;Trabalho
19445;Trabalho
19446;Trabalho
19448;Trabalho
19449;Trabalho
19450;Trabalho
19452;Trabalho
19457;Trabalho
19473;Trabalho
19489;Trabalho
47341;Trabalho
74578;Trabalho
76688;Trabalho
80145;Trabalho
19492;Trabalho
19518;Trabalho
19519;Trabalho
19520;Trabalho
19521;Trabalho
19522;Trabalho
19523;Trabalho
19524;Trabalho
19526;Trabalho
19527;Trabalho
19528;Trabalho
19529;Trabalho
19530;Trabalho
19531;Trabalho
19532;Trabalho
19533;Trabalho
19534;Trabalho
19536;Trabalho
19537;Trabalho
19539;Trabalho
19541;Trabalho
70697;Trabalho
70698;Trabalho
70699;Trabalho
70700;Trabalho
70701;Trabalho
70702;Trabalho
70703;Trabalho
70704;Trabalho
70705;Trabalho
71253;Trabalho
74451;Trabalho
77181;Trabalho
77698;Trabalho
80255;Trabalho
80256;Trabalho
80257;Trabalho
80258;Trabalho
30373;Trabalho
30374;Trabalho
30376;Trabalho
30379;Trabalho
30380;Trabalho
30381;Trabalho
30384;Trabalho
30385;Trabalho
30386;Trabalho
30387;Trabalho
30388;Trabalho
30389;Trabalho
30390;Trabalho
30391;Trabalho
30392;Trabalho
30393;Trabalho
30394;Trabalho
30395;Trabalho
30397;Trabalho
30398;Trabalho
30399;Trabalho
30400;Trabalho
30401;Trabalho
30402;Trabalho
30403;Trabalho
30404;Trabalho
30407;Trabalho
30408;Trabalho
30411;Trabalho
18687;Trabalho
18688;Trabalho
18690;Trabalho
18691;Trabalho
18692;Trabalho
18693;Trabalho
18694;Trabalho
18695;Trabalho
18696;Trabalho
18698;Trabalho
18701;Trabalho
18702;Trabalho
18703;Trabalho
18706;Trabalho
18707;Trabalho
18708;Trabalho
18711;Trabalho
18712;Trabalho
18714;Trabalho
18715;Trabalho
18717;Trabalho
18718;Trabalho
18719;Trabalho
18721;Trabalho
18723;Trabalho
18725;Trabalho
18726;Trabalho
18727;Trabalho
18728;Trabalho
18730;Trabalho
18731;Trabalho
18733;Trabalho
18736;Trabalho
18737;Trabalho
18738;Trabalho
18740;Trabalho
18751;Trabalho
18780;Trabalho
18781;Trabalho
18782;Trabalho
18783;Trabalho
18784;Trabalho
18785;Trabalho
18786;Trabalho
18787;Trabalho
18788;Trabalho
18789;Trabalho
18790;Trabalho
18791;Trabalho
18792;Trabalho
18793;Trabalho
18795;Trabalho
18796;Trabalho
18797;Trabalho
18798;Trabalho
18799;Trabalho
18800;Trabalho
18801;Trabalho
18802;Trabalho
18803;Trabalho
18804;Trabalho
18805;Trabalho
18806;Trabalho
18807;Trabalho
18808;Trabalho
18809;Trabalho
18810;Trabalho
18811;Trabalho
18812;Trabalho
18813;Trabalho
18814;Trabalho
18815;Trabalho
18816;Trabalho
18817;Trabalho
18818;Trabalho
18819;Trabalho
18820;Trabalho
18821;Trabalho
18822;Trabalho
18823;Trabalho
18824;Trabalho
18825;Trabalho
18826;Trabalho
18827;Trabalho
18828;Trabalho
18829;Trabalho
18830;Trabalho
18831;Trabalho
18832;Trabalho
18833;Trabalho
18834;Trabalho
18835;Trabalho
18836;Trabalho
18837;Trabalho
18838;Trabalho
18839;Trabalho
18840;Trabalho
18841;Trabalho
18842;Trabalho
18843;Trabalho
18844;Trabalho
18845;Trabalho
18846;Trabalho
18847;Trabalho
18848;Trabalho
18849;Trabalho
18850;Trabalho
18851;Trabalho
18852;Trabalho
18853;Trabalho
18854;Trabalho
18855;Trabalho
18857;Trabalho
18858;Trabalho
18859;Trabalho
18860;Trabalho
18861;Trabalho
18862;Trabalho
18863;Trabalho
18864;Trabalho
18865;Trabalho
18866;Trabalho
18867;Trabalho
18868;Trabalho
18869;Trabalho
18870;Trabalho
18871;Trabalho
18872;Trabalho
18873;Trabalho
18874;Trabalho
18875;Trabalho
18876;Trabalho
18877;Trabalho
18878;Trabalho
18879;Trabalho
18880;Trabalho
18881;Trabalho
18882;Trabalho
18883;Trabalho
18884;Trabalho
18885;Trabalho
18886;Trabalho
18887;Trabalho
18888;Cível
18889;Trabalho
18890;Trabalho
18891;Trabalho
18892;Trabalho
18893;Trabalho
18894;Trabalho
18895;Trabalho
18896;Trabalho
18897;Trabalho
18898;Trabalho
18899;Trabalho
18900;Trabalho
18901;Trabalho
18902;Trabalho
18903;Trabalho
18904;Trabalho
18905;Trabalho
18906;Trabalho
18907;Trabalho
18908;Trabalho
18909;Trabalho
18910;Trabalho
18911;Trabalho
18912;Trabalho
18913;Trabalho
18914;Trabalho
18915;Cível
18916;Trabalho
18917;Trabalho
18918;Trabalho
18919;Trabalho
18920;Trabalho
18921;Trabalho
18922;Trabalho
18923;Trabalho
18924;Trabalho
18925;Trabalho
18926;Trabalho
18927;Trabalho
18928;Trabalho
18929;Trabalho
18930;Trabalho
18931;Trabalho
18932;Trabalho
18933;Trabalho
18934;Trabalho
18935;Trabalho
18936;Trabalho
18937;Trabalho
18938;Trabalho
18939;Trabalho
18940;Trabalho
18941;Trabalho
18942;Trabalho
18943;Trabalho
18944;Trabalho
18945;Trabalho
18946;Trabalho
20222;Trabalho
20223;Trabalho
70840;Trabalho
74257;Trabalho
75482;Trabalho
76710;Trabalho
79537;Trabalho
79700;Trabalho
81418;Trabalho
81419;Trabalho
81917;Trabalho
19601;Trabalho
19602;Trabalho
19603;Trabalho
19604;Trabalho
19605;Trabalho
19606;Trabalho
19607;Trabalho
19608;Trabalho
19609;Trabalho
19610;Trabalho
19611;Trabalho
19612;Trabalho
19613;Trabalho
19614;Trabalho
19615;Trabalho
19616;Trabalho
19617;Trabalho
19618;Trabalho
19619;Trabalho
19620;Trabalho
19621;Trabalho
19622;Trabalho
19623;Trabalho
19624;Trabalho
19625;Trabalho
19626;Trabalho
19628;Trabalho
19629;Trabalho
19630;Trabalho
22230;Trabalho
22231;Trabalho
22232;Trabalho
22233;Trabalho
22234;Trabalho
22235;Trabalho
22237;Trabalho
22239;Trabalho
22246;Trabalho
22247;Trabalho
22248;Trabalho
22249;Trabalho
22250;Trabalho
22251;Trabalho
22252;Trabalho
22253;Trabalho
22254;Trabalho
22255;Trabalho
22256;Trabalho
22257;Trabalho
22258;Trabalho
22259;Trabalho
22260;Trabalho
22261;Trabalho
22262;Trabalho
22263;Trabalho
22264;Trabalho
22265;Trabalho
22266;Trabalho
22267;Trabalho
22268;Trabalho
22269;Trabalho
22851;Trabalho
77738;Trabalho
78892;Trabalho
82110;Trabalho
82115;Trabalho
29262;Trabalho
29263;Trabalho
29264;Trabalho
29265;Trabalho
29266;Trabalho
29267;Trabalho
29268;Trabalho
29269;Trabalho
29270;Trabalho
29271;Trabalho
29272;Trabalho
29273;Trabalho
29274;Trabalho
29275;Trabalho
29276;Trabalho
29277;Trabalho
29278;Trabalho
29279;Trabalho
29280;Trabalho
29281;Trabalho
29282;Trabalho
29283;Trabalho
29284;Trabalho
29285;Trabalho
29286;Trabalho
29287;Trabalho
29288;Trabalho
29289;Trabalho
29290;Trabalho
29291;Trabalho
29292;Trabalho
29293;Trabalho
29294;Trabalho
29295;Trabalho
29296;Trabalho
29297;Trabalho
29298;Trabalho
29299;Trabalho
29300;Trabalho
29301;Trabalho
29302;Trabalho
29303;Trabalho
29304;Trabalho
29305;Trabalho
29306;Trabalho
29307;Trabalho
29308;Trabalho
29309;Trabalho
29310;Trabalho
29311;Trabalho
29313;Trabalho
29314;Trabalho
29315;Trabalho
29316;Trabalho
29317;Trabalho
29318;Trabalho
29319;Trabalho
29321;Trabalho
29322;Trabalho
29323;Trabalho
78504;Trabalho
47202;Trabalho
47203;Trabalho
47204;Trabalho
47205;Trabalho
47206;Trabalho
47207;Trabalho
47208;Trabalho
47209;Trabalho
47210;Trabalho
47211;Trabalho
47212;Trabalho
47213;Trabalho
47214;Trabalho
47215;Trabalho
47216;Trabalho
47217;Trabalho
47218;Trabalho
47219;Trabalho
47220;Trabalho
47221;Trabalho
47222;Trabalho
47223;Trabalho
47230;Trabalho
47232;Trabalho
47233;Trabalho
47234;Trabalho
47235;Trabalho
47236;Trabalho
29900;Trabalho
29901;Trabalho
29902;Trabalho
29903;Trabalho
29904;Trabalho
29905;Trabalho
29906;Trabalho
29907;Trabalho
29908;Trabalho
29909;Trabalho
29910;Trabalho
29911;Trabalho
29912;Trabalho
29913;Trabalho
29914;Trabalho
29915;Trabalho
29916;Trabalho
29917;Trabalho
29918;Trabalho
29919;Trabalho
29920;Trabalho
29921;Trabalho
29922;Trabalho
29923;Trabalho
29924;Trabalho
29925;Trabalho
29926;Trabalho
29927;Trabalho
29928;Trabalho
29929;Trabalho
29930;Trabalho
29931;Trabalho
29932;Trabalho
29933;Trabalho
29934;Trabalho
29935;Trabalho
29936;Trabalho
29937;Trabalho
29938;Trabalho
29939;Trabalho
29940;Trabalho
29941;Trabalho
29942;Trabalho
29943;Trabalho
29944;Trabalho
29945;Trabalho
29946;Trabalho
29947;Trabalho
29948;Trabalho
29949;Trabalho
29950;Trabalho
29951;Trabalho
29952;Trabalho
29953;Trabalho
29954;Trabalho
29955;Trabalho
29956;Trabalho
29957;Trabalho
29958;Trabalho
29959;Trabalho
29960;Trabalho
29961;Trabalho
29962;Trabalho
29963;Trabalho
29964;Trabalho
29965;Trabalho
29966;Trabalho
29967;Trabalho
29968;Trabalho
29969;Trabalho
29970;Trabalho
29971;Trabalho
29972;Trabalho
29973;Trabalho
29974;Trabalho
29975;Trabalho
29976;Trabalho
29977;Trabalho
29978;Trabalho
29979;Trabalho
29980;Trabalho
29981;Trabalho
29982;Trabalho
29983;Trabalho
29984;Trabalho
29985;Trabalho
29986;Trabalho
29987;Trabalho
29988;Trabalho
29989;Trabalho
29990;Trabalho
29991;Trabalho
29992;Trabalho
29993;Trabalho
29994;Trabalho
29995;Trabalho
29996;Trabalho
29997;Trabalho
29998;Trabalho
29999;Trabalho
30000;Trabalho
30001;Trabalho
30002;Trabalho
30003;Trabalho
30004;Trabalho
30005;Trabalho
30006;Trabalho
30007;Trabalho
30008;Trabalho
30009;Trabalho
30010;Trabalho
30011;Trabalho
30012;Trabalho
30013;Trabalho
30014;Trabalho
30015;Trabalho
30016;Trabalho
30017;Trabalho
30018;Trabalho
30019;Trabalho
30020;Trabalho
30021;Trabalho
30022;Trabalho
30023;Trabalho
30024;Trabalho
30025;Trabalho
30026;Trabalho
30027;Trabalho
30028;Trabalho
30029;Trabalho
30030;Trabalho
30032;Trabalho
30033;Trabalho
30035;Trabalho
30036;Trabalho
30037;Trabalho
30038;Trabalho
30039;Trabalho
30040;Trabalho
30041;Trabalho
30042;Trabalho
30044;Trabalho
30045;Trabalho
30047;Trabalho
30049;Trabalho
30050;Trabalho
30051;Trabalho
30052;Trabalho
30053;Trabalho
30054;Trabalho
30055;Trabalho
30056;Trabalho
30057;Trabalho
30058;Trabalho
30059;Trabalho
30060;Trabalho
30061;Trabalho
30062;Trabalho
30064;Trabalho
30065;Trabalho
30066;Trabalho
30067;Trabalho
30068;Trabalho
30069;Trabalho
30070;Trabalho
30071;Trabalho
30072;Trabalho
30073;Trabalho
30074;Trabalho
30075;Trabalho
30076;Trabalho
30077;Trabalho
30078;Trabalho
30079;Trabalho
30080;Trabalho
30081;Trabalho
30082;Trabalho
30083;Trabalho
30084;Trabalho
30085;Trabalho
30086;Trabalho
30087;Trabalho
30088;Trabalho
30089;Trabalho
30090;Trabalho
30091;Trabalho
30092;Trabalho
30093;Trabalho
30094;Trabalho
30095;Trabalho
30096;Trabalho
30097;Trabalho
30098;Trabalho
30099;Trabalho
30100;Trabalho
30101;Trabalho
30102;Trabalho
30103;Trabalho
30104;Trabalho
30105;Trabalho
30106;Trabalho
30107;Trabalho
30108;Trabalho
30109;Trabalho
30110;Trabalho
30111;Trabalho
30112;Trabalho
30113;Trabalho
30114;Trabalho
30116;Trabalho
30118;Trabalho
30121;Trabalho
30122;Trabalho
30123;Trabalho
30124;Trabalho
30125;Trabalho
30127;Trabalho
30133;Trabalho
30134;Trabalho
30135;Trabalho
30136;Trabalho
30141;Trabalho
30145;Trabalho
30150;Trabalho
30158;Trabalho
30160;Trabalho
30161;Trabalho
30162;Trabalho
30163;Trabalho
30164;Trabalho
30165;Trabalho
30166;Trabalho
30167;Trabalho
30169;Trabalho
30172;Trabalho
30173;Trabalho
30174;Trabalho
30175;Trabalho
30176;Trabalho
30177;Trabalho
30181;Trabalho
30185;Trabalho
30186;Trabalho
30190;Trabalho
30195;Trabalho
30196;Trabalho
30198;Trabalho
30200;Trabalho
30203;Trabalho
30205;Trabalho
30215;Trabalho
30262;Trabalho
30265;Trabalho
70799;Trabalho
70800;Trabalho
70801;Trabalho
70802;Trabalho
71107;Trabalho
74247;Trabalho
75469;Trabalho
77626;Trabalho
79192;Trabalho
79266;Trabalho
80059;Trabalho
81191;Trabalho
81192;Trabalho
81547;Trabalho
18567;Trabalho
18568;Trabalho
18569;Trabalho
18570;Trabalho
18571;Trabalho
18572;Trabalho
18573;Trabalho
18574;Trabalho
18575;Trabalho
18576;Trabalho
18577;Trabalho
18578;Trabalho
18579;Trabalho
18580;Trabalho
18581;Trabalho
18590;Trabalho
18593;Trabalho
22274;Trabalho
22275;Trabalho
22276;Trabalho
22277;Trabalho
22278;Trabalho
22279;Trabalho
22280;Trabalho
22281;Trabalho
22282;Trabalho
22283;Trabalho
22284;Trabalho
22285;Trabalho
22286;Trabalho
22287;Trabalho
22288;Trabalho
22289;Trabalho
22290;Trabalho
22291;Trabalho
22292;Trabalho
22293;Trabalho
22294;Trabalho
22295;Trabalho
22296;Trabalho
22297;Trabalho
22298;Trabalho
22299;Trabalho
22300;Trabalho
22301;Trabalho
22302;Trabalho
22303;Trabalho
22304;Trabalho
22305;Trabalho
22306;Trabalho
22310;Trabalho
76598;Trabalho
76599;Trabalho
79550;Trabalho
30300;Trabalho
30301;Trabalho
30302;Trabalho
30303;Trabalho
30304;Trabalho
30305;Trabalho
30306;Trabalho
30307;Trabalho
30308;Trabalho
30309;Trabalho
30310;Trabalho
30311;Trabalho
30312;Trabalho
30656;Trabalho
30657;Trabalho
30658;Trabalho
30659;Trabalho
30660;Trabalho
30661;Trabalho
30662;Trabalho
30663;Trabalho
30676;Trabalho
80048;Trabalho
80049;Trabalho
80050;Trabalho
80051;Trabalho
20789;Trabalho
20790;Trabalho
20791;Trabalho
20792;Trabalho
20793;Trabalho
20794;Trabalho
20797;Trabalho
20812;Trabalho
20813;Trabalho
20814;Trabalho
20815;Trabalho
20816;Trabalho
20817;Trabalho
20818;Trabalho
20819;Trabalho
20820;Trabalho
20821;Trabalho
20822;Trabalho
20823;Trabalho
20824;Trabalho
20825;Trabalho
20826;Trabalho
20827;Trabalho
20828;Trabalho
20829;Trabalho
20830;Trabalho
20831;Trabalho
20832;Trabalho
20833;Trabalho
20834;Trabalho
20835;Trabalho
20836;Trabalho
20837;Trabalho
20838;Trabalho
20839;Trabalho
20840;Trabalho
81803;Trabalho
81809;Trabalho
81810;Trabalho
81812;Trabalho
81814;Trabalho
19135;Trabalho
19136;Trabalho
19137;Trabalho
19138;Trabalho
19139;Trabalho
19140;Trabalho
19141;Trabalho
19142;Trabalho
19143;Trabalho
19144;Trabalho
19145;Trabalho
19147;Trabalho
19148;Trabalho
19149;Trabalho
19150;Trabalho
19151;Trabalho
19153;Trabalho
19154;Trabalho
19155;Trabalho
19156;Trabalho
19158;Trabalho
19159;Trabalho
19160;Trabalho
19161;Trabalho
19162;Trabalho
19163;Trabalho
19164;Trabalho
19165;Trabalho
19166;Trabalho
19167;Trabalho
19168;Trabalho
19169;Trabalho
19170;Trabalho
19171;Trabalho
19172;Trabalho
19173;Trabalho
19174;Trabalho
19175;Trabalho
19176;Trabalho
19177;Trabalho
19178;Trabalho
19179;Trabalho
19180;Trabalho
19181;Trabalho
19182;Trabalho
19183;Trabalho
19184;Trabalho
19185;Trabalho
19186;Trabalho
19187;Trabalho
19188;Trabalho
19189;Trabalho
19190;Trabalho
19191;Trabalho
19192;Trabalho
19193;Trabalho
19194;Trabalho
19195;Trabalho
19196;Trabalho
19197;Trabalho
19198;Trabalho
19199;Trabalho
19200;Trabalho
19201;Trabalho
19202;Trabalho
19203;Trabalho
19204;Trabalho
19205;Trabalho
19206;Trabalho
19207;Trabalho
19208;Trabalho
19209;Trabalho
19210;Trabalho
19212;Trabalho
19213;Trabalho
19214;Trabalho
19215;Trabalho
19216;Trabalho
19217;Trabalho
19218;Trabalho
19219;Trabalho
19220;Trabalho
19221;Trabalho
19222;Trabalho
19223;Trabalho
19224;Trabalho
19225;Trabalho
19226;Trabalho
19227;Trabalho
19228;Trabalho
19229;Trabalho
19230;Trabalho
19231;Trabalho
19232;Trabalho
19233;Trabalho
19234;Trabalho
19235;Trabalho
19236;Trabalho
19237;Trabalho
19238;Trabalho
19239;Trabalho
19240;Trabalho
19241;Trabalho
19242;Trabalho
19243;Trabalho
19244;Trabalho
19245;Trabalho
19246;Trabalho
19247;Trabalho
19248;Trabalho
19249;Trabalho
19250;Trabalho
19251;Trabalho
19252;Trabalho
19253;Trabalho
19254;Trabalho
19255;Trabalho
19256;Trabalho
19257;Trabalho
19258;Trabalho
19259;Trabalho
19260;Trabalho
19261;Trabalho
19262;Trabalho
19263;Trabalho
19264;Trabalho
19265;Trabalho
19266;Trabalho
19267;Trabalho
19268;Trabalho
19269;Trabalho
19270;Trabalho
19271;Trabalho
19272;Trabalho
19273;Trabalho
19274;Trabalho
19275;Trabalho
19276;Trabalho
19277;Trabalho
19278;Trabalho
19279;Trabalho
19280;Trabalho
19281;Trabalho
19282;Trabalho
19283;Trabalho
19284;Trabalho
19285;Trabalho
19286;Trabalho
19287;Trabalho
19288;Trabalho
19289;Trabalho
19290;Trabalho
19291;Trabalho
19292;Trabalho
19295;Trabalho
19297;Trabalho
19298;Trabalho
19299;Trabalho
19301;Trabalho
19302;Trabalho
19303;Trabalho
19306;Trabalho
19307;Trabalho
19308;Trabalho
19309;Trabalho
19310;Trabalho
19313;Trabalho
19314;Trabalho
19315;Trabalho
19316;Trabalho
19317;Trabalho
19318;Trabalho
19320;Trabalho
19321;Trabalho
19322;Trabalho
19323;Trabalho
19324;Trabalho
19325;Trabalho
19326;Trabalho
19327;Trabalho
19328;Trabalho
19330;Trabalho
19332;Trabalho
19333;Trabalho
19334;Trabalho
19335;Trabalho
19336;Trabalho
19338;Trabalho
19339;Trabalho
19340;Trabalho
19341;Trabalho
19342;Trabalho
19343;Trabalho
63984;Trabalho
70798;Trabalho
74389;Trabalho
78491;Trabalho
79486;Trabalho
46877;Trabalho
46878;Trabalho
46879;Trabalho
46880;Trabalho
46881;Trabalho
46883;Trabalho
46884;Trabalho
46885;Trabalho
46886;Trabalho
46887;Trabalho
46888;Trabalho
46889;Trabalho
46891;Trabalho
46892;Trabalho
46893;Trabalho
46894;Trabalho
46895;Trabalho
46896;Trabalho
46897;Trabalho
46898;Trabalho
46899;Trabalho
46900;Trabalho
46901;Trabalho
46902;Trabalho
46903;Trabalho
46904;Trabalho
46905;Trabalho
46906;Trabalho
46907;Trabalho
46908;Trabalho
46909;Trabalho
46910;Trabalho
46911;Trabalho
46912;Trabalho
46913;Trabalho
46914;Trabalho
46915;Trabalho
46916;Trabalho
46917;Trabalho
46918;Trabalho
46919;Trabalho
46920;Trabalho
46921;Trabalho
46922;Trabalho
46923;Trabalho
46924;Trabalho
46925;Trabalho
46926;Trabalho
46927;Trabalho
46928;Trabalho
46929;Trabalho
46930;Trabalho
46931;Trabalho
46932;Trabalho
46933;Trabalho
46934;Trabalho
46935;Trabalho
46936;Trabalho
46937;Trabalho
46938;Trabalho
46939;Trabalho
46940;Trabalho
46941;Trabalho
46942;Trabalho
46943;Trabalho
46944;Trabalho
46945;Trabalho
46946;Trabalho
46947;Trabalho
46948;Trabalho
46949;Trabalho
46950;Trabalho
46951;Trabalho
46952;Trabalho
46953;Trabalho
46954;Trabalho
46955;Trabalho
46956;Trabalho
46957;Trabalho
46958;Trabalho
46959;Trabalho
46960;Trabalho
46961;Trabalho
46962;Trabalho
46963;Trabalho
46964;Trabalho
46965;Trabalho
46966;Trabalho
46967;Trabalho
46968;Trabalho
46969;Trabalho
46970;Trabalho
46971;Trabalho
46972;Trabalho
46973;Trabalho
46974;Trabalho
46975;Trabalho
46976;Trabalho
46977;Trabalho
46978;Trabalho
46979;Trabalho
46980;Trabalho
46981;Trabalho
46982;Trabalho
46983;Trabalho
46984;Trabalho
46986;Trabalho
46987;Trabalho
46989;Trabalho
46990;Trabalho
46991;Trabalho
46992;Trabalho
46993;Trabalho
46994;Trabalho
46995;Trabalho
46996;Trabalho
46997;Trabalho
46998;Trabalho
46999;Trabalho
47000;Trabalho
47001;Trabalho
47002;Trabalho
47003;Trabalho
47004;Trabalho
47005;Trabalho
47006;Trabalho
47007;Trabalho
47008;Trabalho
47009;Trabalho
47010;Trabalho
47011;Trabalho
47012;Trabalho
47013;Trabalho
47014;Trabalho
47015;Trabalho
47016;Trabalho
47017;Trabalho
47018;Trabalho
47019;Trabalho
47020;Trabalho
47021;Trabalho
47022;Trabalho
47023;Trabalho
47025;Trabalho
47027;Trabalho
47029;Trabalho
47030;Trabalho
47031;Trabalho
47032;Trabalho
47033;Trabalho
47037;Trabalho
47040;Trabalho
47041;Trabalho
47043;Trabalho
47044;Trabalho
47046;Trabalho
47049;Trabalho
47052;Trabalho
47054;Trabalho
47055;Trabalho
47056;Trabalho
47057;Trabalho
47058;Trabalho
47059;Trabalho
47061;Trabalho
47062;Trabalho
47064;Trabalho
47066;Trabalho
47067;Trabalho
47068;Trabalho
47071;Trabalho
47072;Trabalho
47074;Trabalho
47075;Trabalho
47176;Trabalho
70797;Trabalho
74379;Trabalho
79434;Trabalho
79478;Trabalho
79479;Trabalho
81282;Trabalho
81283;Trabalho
19957;Trabalho
19958;Trabalho
19959;Trabalho
19960;Trabalho
19961;Trabalho
19962;Trabalho
19963;Trabalho
19964;Trabalho
19965;Trabalho
19966;Trabalho
19967;Trabalho
19968;Trabalho
19969;Trabalho
19970;Trabalho
19971;Trabalho
19972;Trabalho
19973;Trabalho
19974;Trabalho
19975;Trabalho
19976;Trabalho
19977;Trabalho
19978;Trabalho
19979;Trabalho
19980;Trabalho
19981;Trabalho
19982;Trabalho
19984;Trabalho
19985;Trabalho
19986;Trabalho
19987;Trabalho
19988;Trabalho
19989;Trabalho
19990;Trabalho
19991;Trabalho
19992;Trabalho
19993;Trabalho
19994;Trabalho
19995;Trabalho
19996;Trabalho
19997;Trabalho
19998;Trabalho
19999;Trabalho
20000;Trabalho
20001;Trabalho
20002;Trabalho
20003;Trabalho
20004;Trabalho
20005;Trabalho
20006;Trabalho
20007;Trabalho
20008;Trabalho
20009;Trabalho
20010;Trabalho
20011;Trabalho
20012;Trabalho
20013;Trabalho
20014;Trabalho
20015;Trabalho
20016;Trabalho
20017;Trabalho
20018;Trabalho
20019;Trabalho
20020;Trabalho
20021;Trabalho
20022;Trabalho
20023;Trabalho
20024;Trabalho
20025;Trabalho
20026;Trabalho
20027;Trabalho
20028;Trabalho
20029;Trabalho
20030;Trabalho
20032;Trabalho
20033;Trabalho
20034;Trabalho
20035;Trabalho
20036;Trabalho
20037;Trabalho
20038;Trabalho
20039;Trabalho
20040;Trabalho
20041;Trabalho
20042;Trabalho
20043;Trabalho
20044;Trabalho
20045;Trabalho
20047;Trabalho
20048;Trabalho
20049;Trabalho
20051;Trabalho
20053;Trabalho
20054;Trabalho
20056;Trabalho
20057;Trabalho
20058;Trabalho
20061;Trabalho
20062;Trabalho
20063;Trabalho
20066;Trabalho
20067;Trabalho
20070;Trabalho
20071;Trabalho
20072;Trabalho
20073;Trabalho
20118;Geral
27627;Trabalho
78924;Trabalho
81217;Trabalho
20650;Trabalho
20651;Trabalho
20652;Trabalho
20653;Trabalho
20654;Trabalho
20655;Trabalho
20656;Trabalho
20657;Trabalho
20658;Trabalho
20659;Trabalho
20660;Trabalho
20661;Trabalho
20662;Trabalho
20663;Trabalho
20664;Trabalho
20665;Trabalho
20666;Trabalho
20667;Trabalho
20668;Trabalho
20669;Trabalho
20670;Trabalho
20671;Trabalho
20672;Trabalho
20673;Trabalho
20674;Trabalho
20675;Trabalho
20676;Trabalho
20677;Trabalho
20678;Trabalho
20679;Trabalho
20680;Trabalho
20681;Trabalho
20682;Trabalho
20683;Trabalho
20684;Trabalho
20685;Trabalho
20686;Trabalho
20687;Trabalho
20688;Trabalho
20689;Trabalho
20690;Trabalho
20691;Trabalho
20692;Trabalho
20693;Trabalho
20694;Trabalho
20695;Trabalho
20696;Trabalho
20697;Trabalho
20698;Trabalho
20699;Trabalho
20700;Trabalho
20701;Trabalho
20702;Trabalho
20703;Trabalho
20704;Trabalho
20705;Trabalho
20706;Trabalho
20707;Trabalho
20708;Trabalho
20709;Trabalho
20710;Trabalho
20711;Trabalho
20712;Trabalho
20713;Trabalho
20714;Trabalho
20715;Trabalho
20716;Trabalho
20717;Trabalho
20718;Trabalho
20719;Trabalho
20720;Trabalho
20721;Trabalho
20722;Trabalho
20744;Trabalho
20748;Trabalho
20750;Trabalho
20754;Trabalho
20755;Trabalho
20756;Trabalho
20757;Trabalho
20758;Trabalho
20759;Trabalho
20763;Trabalho
74268;Trabalho
74269;Trabalho
74270;Trabalho
77737;Trabalho
79731;Trabalho
80362;Trabalho
35093;Trabalho
50302;Trabalho
50303;Trabalho
50304;Trabalho
50305;Trabalho
50307;Trabalho
50308;Trabalho
50309;Trabalho
50310;Trabalho
50311;Trabalho
50312;Trabalho
50313;Trabalho
50314;Trabalho
50315;Trabalho
50316;Trabalho
50317;Trabalho
50318;Trabalho
50319;Trabalho
50320;Trabalho
50321;Trabalho
50322;Trabalho
50323;Trabalho
50324;Trabalho
50325;Trabalho
50326;Trabalho
50327;Trabalho
50329;Trabalho
50330;Trabalho
50331;Trabalho
50334;Trabalho
50335;Trabalho
50336;Trabalho
50338;Trabalho
50339;Trabalho
50340;Trabalho
50341;Trabalho
50343;Trabalho
50351;Trabalho
50352;Trabalho
50354;Trabalho
50355;Trabalho
50356;Trabalho
50357;Trabalho
50360;Trabalho
50361;Trabalho
50362;Trabalho
50363;Trabalho
50364;Trabalho
79960;Trabalho
81201;Trabalho
20508;Trabalho
20509;Trabalho
20510;Trabalho
20511;Trabalho
20512;Trabalho
20513;Trabalho
20514;Trabalho
20515;Trabalho
20516;Trabalho
20517;Trabalho
20518;Trabalho
20519;Trabalho
20520;Trabalho
20521;Trabalho
20522;Trabalho
20523;Trabalho
20524;Trabalho
20525;Trabalho
20526;Trabalho
20527;Trabalho
20528;Trabalho
20529;Trabalho
20530;Trabalho
20531;Trabalho
20532;Trabalho
20533;Trabalho
20534;Trabalho
20535;Trabalho
20536;Trabalho
20537;Trabalho
20538;Trabalho
20539;Trabalho
20540;Trabalho
20541;Trabalho
20542;Trabalho
20543;Trabalho
20544;Trabalho
20545;Trabalho
20546;Trabalho
20547;Trabalho
20548;Trabalho
20549;Trabalho
20550;Trabalho
20551;Trabalho
20552;Trabalho
20553;Trabalho
20554;Trabalho
20555;Trabalho
20556;Trabalho
20557;Trabalho
20558;Trabalho
20559;Trabalho
20560;Trabalho
20561;Trabalho
20562;Trabalho
20571;Trabalho
20572;Trabalho
20575;Trabalho
20581;Trabalho
20583;Trabalho
20584;Trabalho
20588;Trabalho
20589;Trabalho
20590;Trabalho
20592;Trabalho
67840;Trabalho
72976;Trabalho
76744;Trabalho
79721;Trabalho
20237;Trabalho
20260;Trabalho
20262;Trabalho
20263;Trabalho
20264;Trabalho
20265;Trabalho
20266;Trabalho
20267;Trabalho
20268;Trabalho
20269;Trabalho
20270;Trabalho
20271;Trabalho
20272;Trabalho
20273;Trabalho
20274;Trabalho
20277;Trabalho
20278;Trabalho
20279;Trabalho
20281;Trabalho
20282;Trabalho
20287;Trabalho
20288;Trabalho
20291;Trabalho
20292;Trabalho
20293;Trabalho
20294;Trabalho
20295;Trabalho
20296;Trabalho
20297;Trabalho
20298;Trabalho
20299;Trabalho
20300;Trabalho
20301;Trabalho
20302;Trabalho
20305;Trabalho
20306;Trabalho
20307;Trabalho
20308;Trabalho
20309;Trabalho
20310;Trabalho
20311;Trabalho
20312;Trabalho
20313;Trabalho
20314;Trabalho
20315;Trabalho
20316;Trabalho
20317;Trabalho
20318;Trabalho
20319;Trabalho
20320;Trabalho
20321;Trabalho
20322;Trabalho
20323;Trabalho
20324;Trabalho
20325;Trabalho
20326;Trabalho
20327;Trabalho
20328;Trabalho
20329;Trabalho
20330;Trabalho
20331;Trabalho
20332;Trabalho
20333;Trabalho
20334;Trabalho
20335;Trabalho
20336;Trabalho
20337;Trabalho
20338;Trabalho
20339;Trabalho
20340;Trabalho
20341;Trabalho
20342;Trabalho
20343;Trabalho
20344;Trabalho
20345;Trabalho
20346;Trabalho
20347;Trabalho
20348;Trabalho
20350;Trabalho
20351;Trabalho
20352;Trabalho
20354;Trabalho
20355;Trabalho
20356;Trabalho
20357;Trabalho
20358;Trabalho
20359;Trabalho
20360;Trabalho
20361;Trabalho
20363;Trabalho
20364;Trabalho
20365;Trabalho
20366;Trabalho
20367;Trabalho
20370;Trabalho
20371;Trabalho
20372;Trabalho
20373;Trabalho
20376;Trabalho
20377;Trabalho
20378;Trabalho
20379;Trabalho
20380;Trabalho
20381;Trabalho
20382;Trabalho
20383;Trabalho
20384;Trabalho
20385;Trabalho
20386;Trabalho
20387;Trabalho
20388;Trabalho
20389;Trabalho
20390;Trabalho
20391;Trabalho
20392;Trabalho
20393;Trabalho
20394;Trabalho
20395;Trabalho
71325;Trabalho
71328;Trabalho
72818;Trabalho
